April Showers,557 Standards Realbook.pdf,8,8
After You've Gone,557 Standards Realbook.pdf,9,9
Afternoon In Paris,557 Standards Realbook.pdf,9,10
Ain't Misbehavin',557 Standards Realbook.pdf,10,10
Ain't She Sweet,557 Standards Realbook.pdf,11,11
Alfie's Theme,557 Standards Realbook.pdf,11,12
Airegin,557 Standards Realbook.pdf,12,12
Alice In Wonderland,557 Standards Realbook.pdf,13,13
All Blues,557 Standards Realbook.pdf,14,14
All God's Chillun Got Rhythm,557 Standards Realbook.pdf,14,14
All Of Me,557 Standards Realbook.pdf,15,15
All Of You,557 Standards Realbook.pdf,15,16
Almost Like Being In Love,557 Standards Realbook.pdf,16,16
All The Things You Are,557 Standards Realbook.pdf,17,17
Alone Together,557 Standards Realbook.pdf,18,18
Along Came Betty,557 Standards Realbook.pdf,19,19
Angel Eyes,557 Standards Realbook.pdf,20,20
Always,557 Standards Realbook.pdf,21,21
Am I Blue,557 Standards Realbook.pdf,21,22
Are You Real,557 Standards Realbook.pdf,22,22
Anthropology,557 Standards Realbook.pdf,23,23
April In Paris,557 Standards Realbook.pdf,23,24
Au Privave,557 Standards Realbook.pdf,24,24
As Long As I Live,557 Standards Realbook.pdf,25,25
As Time Goes By,557 Standards Realbook.pdf,25,26
Avalon,557 Standards Realbook.pdf,26,26
Anything Goes,557 Standards Realbook.pdf,27,27
At Long Last Love,557 Standards Realbook.pdf,27,28
Autumn Leaves,557 Standards Realbook.pdf,28,28
Autumn In New York,557 Standards Realbook.pdf,29,29
Best Thing For You (The),557 Standards Realbook.pdf,30,30
Bags Grove,557 Standards Realbook.pdf,31,31
Basin Street Blues,557 Standards Realbook.pdf,31,32
Barbados,557 Standards Realbook.pdf,32,32
Baubles Bangles And Beads,557 Standards Realbook.pdf,33,33
Beautiful Friendship (A),557 Standards Realbook.pdf,33,34
Beautiful Love,557 Standards Realbook.pdf,34,34
Bernie's Tune,557 Standards Realbook.pdf,35,35
Be My Love,557 Standards Realbook.pdf,35,36
Between The Devil And The Deep Blue Sea,557 Standards Realbook.pdf,36,36
Bemsha Swing,557 Standards Realbook.pdf,37,37
Bewitched Bothered And Bewildered,557 Standards Realbook.pdf,37,38
Bidin' My Time,557 Standards Realbook.pdf,38,38
Billie's Bounce,557 Standards Realbook.pdf,39,39
Birk's Works,557 Standards Realbook.pdf,39,39
Birth Of The Blues (The),557 Standards Realbook.pdf,40,40
Big Blues,557 Standards Realbook.pdf,40,40
Bitter-Sweet,557 Standards Realbook.pdf,41,41
Breeze And I (The),557 Standards Realbook.pdf,41,42
Black And Blue,557 Standards Realbook.pdf,42,42
Black Orpheus,557 Standards Realbook.pdf,43,43
Blue Lou,557 Standards Realbook.pdf,44,44
Blues Walk (The),557 Standards Realbook.pdf,44,44
Bloomdido,557 Standards Realbook.pdf,45,45
Blue (And Broken Hearted),557 Standards Realbook.pdf,45,46
Blues In The Closet,557 Standards Realbook.pdf,46,46
Blue Bossa,557 Standards Realbook.pdf,47,47
Blue And Sentimental,557 Standards Realbook.pdf,47,47
Blue 'N' Boogie,557 Standards Realbook.pdf,48,48
Blues A La Mode,557 Standards Realbook.pdf,48,48
Blues In The Night,557 Standards Realbook.pdf,49,50
Blue Room,557 Standards Realbook.pdf,50,50
Blue Moon,557 Standards Realbook.pdf,51,51
Blue Monk,557 Standards Realbook.pdf,51,52
Blues For Alice,557 Standards Realbook.pdf,52,52
Bluesette,557 Standards Realbook.pdf,52,52
Blues March,557 Standards Realbook.pdf,53,53
Blue Skies,557 Standards Realbook.pdf,53,54
Born To Be Blue,557 Standards Realbook.pdf,54,54
Boy Next Door (The),557 Standards Realbook.pdf,55,55
Body And Soul,557 Standards Realbook.pdf,55,56
But Not For Me,557 Standards Realbook.pdf,56,56
Broadway,557 Standards Realbook.pdf,57,57
But Beautiful,557 Standards Realbook.pdf,57,58
Bye Bye Blackbird,557 Standards Realbook.pdf,58,58
Bye Bye Blues,557 Standards Realbook.pdf,59,59
Cabin In The Sky,557 Standards Realbook.pdf,59,59
Candy,557 Standards Realbook.pdf,60,60
Can't We Be Friends,557 Standards Realbook.pdf,61,61
Cheek To Cheek,557 Standards Realbook.pdf,61,62
Cheryl,557 Standards Realbook.pdf,62,62
Caravan,557 Standards Realbook.pdf,63,63
Chelsea Bridge,557 Standards Realbook.pdf,64,64
Chega De Saudade,557 Standards Realbook.pdf,65,66
Cool Blues,557 Standards Realbook.pdf,66,66
Can't We Talk It Over,557 Standards Realbook.pdf,67,67
Cherokee,557 Standards Realbook.pdf,67,68
Child Is Born (A),557 Standards Realbook.pdf,68,68
Come Rain Or Come Shine,557 Standards Realbook.pdf,69,69
Come Sunday,557 Standards Realbook.pdf,70,70
Cousin Mary,557 Standards Realbook.pdf,70,70
Con Alma,557 Standards Realbook.pdf,71,71
Confirmation,557 Standards Realbook.pdf,71,72
Crazy Rhythm,557 Standards Realbook.pdf,72,72
C.T.A.,557 Standards Realbook.pdf,73,73
Daahound,557 Standards Realbook.pdf,73,74
Cotton Tail,557 Standards Realbook.pdf,75,75
Dancing On The Ceiling,557 Standards Realbook.pdf,75,76
Darn That Dream,557 Standards Realbook.pdf,76,76
Dearly Beloved,557 Standards Realbook.pdf,77,77
Dancing In The Dark,557 Standards Realbook.pdf,77,77
Dat Dere,557 Standards Realbook.pdf,78,78
Days Of Wine And Roses (The),557 Standards Realbook.pdf,79,79
Day Dream,557 Standards Realbook.pdf,79,80
Deep Purple,557 Standards Realbook.pdf,80,80
Deafinado,557 Standards Realbook.pdf,81,82
Dear Old Stockholm,557 Standards Realbook.pdf,83,83
Didn't We,557 Standards Realbook.pdf,84,84
Django,557 Standards Realbook.pdf,85,86
Dolphin Dance,557 Standards Realbook.pdf,86,86
Do Nothin' Till You Hear From Me,557 Standards Realbook.pdf,87,87
Donna Lee,557 Standards Realbook.pdf,87,88
Don't Be That Way,557 Standards Realbook.pdf,88,88
Don't Blame Me,557 Standards Realbook.pdf,89,89
Don't Explain,557 Standards Realbook.pdf,89,90
Doxy,557 Standards Realbook.pdf,90,90
Don't Get Around Much Anymore,557 Standards Realbook.pdf,91,91
Don't Worry 'Bout Me,557 Standards Realbook.pdf,91,92
Easy To Love,557 Standards Realbook.pdf,92,92
Early Autumn,557 Standards Realbook.pdf,93,93
East Of The Sun,557 Standards Realbook.pdf,94,94
Easy Living,557 Standards Realbook.pdf,95,95
Emily,557 Standards Realbook.pdf,95,96
Exactly Like You,557 Standards Realbook.pdf,96,96
Embraceable You,557 Standards Realbook.pdf,97,97
Everything I Have Is Yours,557 Standards Realbook.pdf,97,98
Ease Away Walk,557 Standards Realbook.pdf,98,98
Everything Happens To Me,557 Standards Realbook.pdf,99,99
Ev'ry Time We Say Goodbye,557 Standards Realbook.pdf,99,100
Easy Street,557 Standards Realbook.pdf,100,100
Falling In Love With Love,557 Standards Realbook.pdf,101,101
Fascinating Rhythm,557 Standards Realbook.pdf,101,102
Fine And Dandy,557 Standards Realbook.pdf,102,102
Felicidade (A),557 Standards Realbook.pdf,103,104
Flamingo,557 Standards Realbook.pdf,104,104
Fine Romance (A),557 Standards Realbook.pdf,105,105
Flying Home,557 Standards Realbook.pdf,105,106
Frankie And Johnny,557 Standards Realbook.pdf,106,106
Fly Me To The Moon,557 Standards Realbook.pdf,107,107
Foggy Day (A),557 Standards Realbook.pdf,107,108
For All We Know,557 Standards Realbook.pdf,108,108
Fools Rush In,557 Standards Realbook.pdf,109,109
Four Brothers,557 Standards Realbook.pdf,110,110
For Heaven's Sake,557 Standards Realbook.pdf,111,111
Four,557 Standards Realbook.pdf,111,112
For Minors Only,557 Standards Realbook.pdf,112,112
Fried Bananas,557 Standards Realbook.pdf,113,114
From This Moment On,557 Standards Realbook.pdf,114,114
Gal In Calico (A),557 Standards Realbook.pdf,115,115
Georgia On My Mind,557 Standards Realbook.pdf,115,116
Gee Baby Ain't I Good To You,557 Standards Realbook.pdf,116,116
Get Happy,557 Standards Realbook.pdf,117,117
Get Out Of Town,557 Standards Realbook.pdf,118,118
Giant Steps,557 Standards Realbook.pdf,118,118
Gipsy (The),557 Standards Realbook.pdf,119,119
Girl Of My Dreams,557 Standards Realbook.pdf,119,120
Girl Talk,557 Standards Realbook.pdf,120,120
Girl From Ipanema (The),557 Standards Realbook.pdf,121,121
Good Morning Heartache,557 Standards Realbook.pdf,122,122
Day By Day,557 Standards Realbook.pdf,123,123
God Bless The Child,557 Standards Realbook.pdf,124,124
Gone With The Wind,557 Standards Realbook.pdf,125,125
Good Bait,557 Standards Realbook.pdf,125,126
Green Dolphin Street,557 Standards Realbook.pdf,126,126
Groovin' High,557 Standards Realbook.pdf,127,127
Groove Yard,557 Standards Realbook.pdf,127,128
Have You Met Miss Jones,557 Standards Realbook.pdf,128,128
Here's That Rainy Day,557 Standards Realbook.pdf,129,129
High-Fly,557 Standards Realbook.pdf,129,130
Honeysuckle Rose,557 Standards Realbook.pdf,130,130
How About You,557 Standards Realbook.pdf,131,131
Heart And Soul,557 Standards Realbook.pdf,132,132
Handful Of Stars,557 Standards Realbook.pdf,133,133
How Deep Is The Ocean,557 Standards Realbook.pdf,133,134
How High The Moon,557 Standards Realbook.pdf,134,134
How Insensitive,557 Standards Realbook.pdf,135,135
How Long Has This Been Going On,557 Standards Realbook.pdf,136,136
I'll Never Stop Loving You,557 Standards Realbook.pdf,137,137
If I Love Again,557 Standards Realbook.pdf,138,138
I Apologise,557 Standards Realbook.pdf,139,139
I Didn't Know What Time It Was,557 Standards Realbook.pdf,140,140
I Can't Believe That You Are In Love With Me,557 Standards Realbook.pdf,141,141
I Can't Give You Anything But Love,557 Standards Realbook.pdf,141,142
I Could Write A Book,557 Standards Realbook.pdf,142,142
I Concentrate On You,557 Standards Realbook.pdf,143,144
I Can't Get Started,557 Standards Realbook.pdf,144,144
I Cover The Waterfront,557 Standards Realbook.pdf,145,145
I Didn't Know About You,557 Standards Realbook.pdf,145,146
If I Could Be With You,557 Standards Realbook.pdf,146,146
I Don't Stand A Ghost Of A Chance With You,557 Standards Realbook.pdf,147,147
If I Had You,557 Standards Realbook.pdf,147,148
I Fall In Love Too Easily,557 Standards Realbook.pdf,148,148
If I Should Lose You,557 Standards Realbook.pdf,149,149
If I Were A Bell,557 Standards Realbook.pdf,149,150
I Know That You Know,557 Standards Realbook.pdf,150,150
I Get A Kick Out Of You,557 Standards Realbook.pdf,151,151
If You Could See Me Now,557 Standards Realbook.pdf,152,152
I Got Rhythm,557 Standards Realbook.pdf,153,153
I Hear A Rhapsody,557 Standards Realbook.pdf,154,154
I Got It Bad,557 Standards Realbook.pdf,155,155
I Hear Music,557 Standards Realbook.pdf,155,156
I Let A Song Go Out Of My Heart,557 Standards Realbook.pdf,156,156
I'll Never Be The Same,557 Standards Realbook.pdf,157,157
I'll Remember April,557 Standards Realbook.pdf,157,158
I'll Never Smile Again,557 Standards Realbook.pdf,159,159
I'll Take Romance,557 Standards Realbook.pdf,159,160
I'm Confessin',557 Standards Realbook.pdf,160,160
Ill Wind,557 Standards Realbook.pdf,161,161
I Love You,557 Standards Realbook.pdf,162,162
I'm Afraid The Masquerade Is Over,557 Standards Realbook.pdf,163,164
I'm Beginning To See The Light,557 Standards Realbook.pdf,164,164
Imagination,557 Standards Realbook.pdf,165,165
I Mean You,557 Standards Realbook.pdf,166,166
I'm Old Fashioned,557 Standards Realbook.pdf,167,167
I'm Just A Lucky So And So,557 Standards Realbook.pdf,167,168
Impressions,557 Standards Realbook.pdf,168,168
In Love In Vain,557 Standards Realbook.pdf,169,169
I'm Getting Sentimental Over You,557 Standards Realbook.pdf,170,170
I'm In The Mood For Love,557 Standards Realbook.pdf,171,171
In A Mellow Tone,557 Standards Realbook.pdf,171,172
Indian Summer,557 Standards Realbook.pdf,172,172
In A Sentimental Mood,557 Standards Realbook.pdf,173,173
I Never Knew,557 Standards Realbook.pdf,173,174
In The Sign Of Libra,557 Standards Realbook.pdf,174,174
In Walked Bud,557 Standards Realbook.pdf,175,175
Indiana,557 Standards Realbook.pdf,175,176
In Your Own Sweet Way,557 Standards Realbook.pdf,176,176
I Only Have Eyes For You,557 Standards Realbook.pdf,177,177
In The Chapel In The Moonlight,557 Standards Realbook.pdf,177,178
Israel,557 Standards Realbook.pdf,178,178
I Remember Clifford,557 Standards Realbook.pdf,179,179
I Remember You,557 Standards Realbook.pdf,180,180
I Should Care,557 Standards Realbook.pdf,181,181
Isn't It Romantic,557 Standards Realbook.pdf,181,182
I Thought About You,557 Standards Realbook.pdf,182,182
It Ain't Necessarily So,557 Standards Realbook.pdf,183,183
I Surrender Dear,557 Standards Realbook.pdf,184,184
It Could Happen To You,557 Standards Realbook.pdf,185,185
It Never Entered My Mind,557 Standards Realbook.pdf,185,186
It Don't Mean A Thing,557 Standards Realbook.pdf,186,186
It's A Blue World,557 Standards Realbook.pdf,187,187
It Might As Well Be Spring,557 Standards Realbook.pdf,187,188
Inchworm,557 Standards Realbook.pdf,188,188
It's All Right With Me,557 Standards Realbook.pdf,189,189
I've Got The World On A String,557 Standards Realbook.pdf,190,190
It's Always You,557 Standards Realbook.pdf,191,191
It's Only A Paper Moon,557 Standards Realbook.pdf,191,192
It's You Or No One,557 Standards Realbook.pdf,192,192
I've Found A New Baby,557 Standards Realbook.pdf,193,193
I've Got A Crush On You,557 Standards Realbook.pdf,193,194
I've Told Ev'ry Little Star,557 Standards Realbook.pdf,194,194
I've Grown Accumstomed To Her Face,557 Standards Realbook.pdf,195,196
I've Got You Under My Skin,557 Standards Realbook.pdf,195,196
I Want To Be Happy,557 Standards Realbook.pdf,197,197
I Want A Little Girl,557 Standards Realbook.pdf,197,198
I Wish I Were In Love Again,557 Standards Realbook.pdf,198,198
I Wished On The Moon,557 Standards Realbook.pdf,199,199
Jeepers Creepers,557 Standards Realbook.pdf,199,200
Jersey Bounce,557 Standards Realbook.pdf,200,200
Joy Spring,557 Standards Realbook.pdf,201,201
Just You Just Me,557 Standards Realbook.pdf,202,202
Jeannie,557 Standards Realbook.pdf,203,203
Jordy,557 Standards Realbook.pdf,204,204
Jumpin' At The Woodside,557 Standards Realbook.pdf,205,205
Just In Time,557 Standards Realbook.pdf,205,206
Jumpin' With Symphony Sid,557 Standards Realbook.pdf,206,206
Just One Of Those Things,557 Standards Realbook.pdf,207,208
Just Friends,557 Standards Realbook.pdf,208,208
Just Squeeze Me,557 Standards Realbook.pdf,209,209
Keepin' Out Of Mischief Now,557 Standards Realbook.pdf,209,210
Lady Bird,557 Standards Realbook.pdf,210,210
Lady Is A Tramp (The),557 Standards Realbook.pdf,211,211
Limehouse Blues,557 Standards Realbook.pdf,212,212
Laura,557 Standards Realbook.pdf,213,213
Lester Leaps In,557 Standards Realbook.pdf,213,214
Like Someone In Love,557 Standards Realbook.pdf,214,214
Li'l Darlin',557 Standards Realbook.pdf,215,216
Line For Lyons,557 Standards Realbook.pdf,216,216
Little Girl,557 Standards Realbook.pdf,217,217
Little Girl Blue,557 Standards Realbook.pdf,217,218
Liza,557 Standards Realbook.pdf,218,218
Love For Sale,557 Standards Realbook.pdf,219,220
Love Letters,557 Standards Realbook.pdf,220,220
Love Is Here To Stay,557 Standards Realbook.pdf,221,221
Long Ago And Far Away,557 Standards Realbook.pdf,221,222
Love Me Or Leave Me,557 Standards Realbook.pdf,222,222
Lover Come Back To Me,557 Standards Realbook.pdf,223,224
Love Is Just Around The Corner,557 Standards Realbook.pdf,224,224
Lover,557 Standards Realbook.pdf,225,225
Lover Man,557 Standards Realbook.pdf,226,226
Love Walked In,557 Standards Realbook.pdf,227,227
Lush Life,557 Standards Realbook.pdf,227,228
Lullaby Of Birdland,557 Standards Realbook.pdf,229,229
Lullaby Of The Leaves,557 Standards Realbook.pdf,230,230
Lulu's Back In Town,557 Standards Realbook.pdf,231,231
Makin' Whoopee,557 Standards Realbook.pdf,232,232
Mercy Mercy Mercy,557 Standards Realbook.pdf,233,233
Mack The Knife,557 Standards Realbook.pdf,233,233
Manhattan,557 Standards Realbook.pdf,234,234
Man I Love (The),557 Standards Realbook.pdf,235,235
Margie,557 Standards Realbook.pdf,236,236
Meditation,557 Standards Realbook.pdf,237,238
Mean To Me,557 Standards Realbook.pdf,238,238
Memories Of You,557 Standards Realbook.pdf,239,239
Milestones,557 Standards Realbook.pdf,240,240
Misty,557 Standards Realbook.pdf,241,241
Moanin',557 Standards Realbook.pdf,241,242
Moment's Notice,557 Standards Realbook.pdf,243,243
Monterey Blues,557 Standards Realbook.pdf,243,244
Mood Indigo,557 Standards Realbook.pdf,244,244
Moose The Mooche,557 Standards Realbook.pdf,245,245
Moonglow,557 Standards Realbook.pdf,246,246
Moonlight In Vermont,557 Standards Realbook.pdf,247,247
Moon River,557 Standards Realbook.pdf,247,248
More I See You (The),557 Standards Realbook.pdf,248,248
My Shining Hour,557 Standards Realbook.pdf,249,249
More Than You Know,557 Standards Realbook.pdf,249,250
My Buddy,557 Standards Realbook.pdf,250,250
Montain Greenery,557 Standards Realbook.pdf,251,251
Move,557 Standards Realbook.pdf,251,252
My Ideal,557 Standards Realbook.pdf,252,252
My Favourite Things,557 Standards Realbook.pdf,253,253
My Foolish Heart,557 Standards Realbook.pdf,254,254
My Funny Valentine,557 Standards Realbook.pdf,255,255
My Heart Stood Still,557 Standards Realbook.pdf,256,256
My Heart Belongs To Daddy,557 Standards Realbook.pdf,257,257
My One And Only Love,557 Standards Realbook.pdf,258,258
My Little Boat,557 Standards Realbook.pdf,259,259
My Little Suede Shoes,557 Standards Realbook.pdf,259,260
My Melancholy Baby,557 Standards Realbook.pdf,260,260
My Ship,557 Standards Realbook.pdf,261,261
My Romance,557 Standards Realbook.pdf,262,262
My Silent Love,557 Standards Realbook.pdf,263,263
My Old Flame,557 Standards Realbook.pdf,264,264
Nardis,557 Standards Realbook.pdf,265,265
Nature Boy,557 Standards Realbook.pdf,265,266
Nearness Of You (The),557 Standards Realbook.pdf,266,266
Nica's Dream,557 Standards Realbook.pdf,267,268
Nice Work If You Can Get It,557 Standards Realbook.pdf,268,268
Nightingale Sang In Berkeley Square (A),557 Standards Realbook.pdf,269,269
Nancy,557 Standards Realbook.pdf,270,270
Namely You,557 Standards Realbook.pdf,271,271
Night And Day,557 Standards Realbook.pdf,272,272
Night In Tunesia (A),557 Standards Realbook.pdf,273,274
Night Has A Thousand Eyes (The),557 Standards Realbook.pdf,274,274
Night Train,557 Standards Realbook.pdf,275,276
Nine Twenty (9:20) Special,557 Standards Realbook.pdf,276,276
Now's The Time,557 Standards Realbook.pdf,277,277
No Moon At All,557 Standards Realbook.pdf,277,278
Nuages,557 Standards Realbook.pdf,278,278
Lady Be Good (Oh),557 Standards Realbook.pdf,279,279
Old Folks,557 Standards Realbook.pdf,279,280
Oleo,557 Standards Realbook.pdf,280,280
Old Devil Moon,557 Standards Realbook.pdf,281,282
On A Clear Day,557 Standards Realbook.pdf,282,282
On A Slow Boat To China,557 Standards Realbook.pdf,283,283
Once I Loved,557 Standards Realbook.pdf,283,284
Once In A While,557 Standards Realbook.pdf,284,284
On The Sunny Side Of The Street,557 Standards Realbook.pdf,285,285
One For My Baby,557 Standards Realbook.pdf,285,286
One Note Samba,557 Standards Realbook.pdf,287,288
Ornithology,557 Standards Realbook.pdf,288,288
On The Street Where You Live,557 Standards Realbook.pdf,289,290
On The Trail,557 Standards Realbook.pdf,290,290
Our Delight,557 Standards Realbook.pdf,291,291
Peace,557 Standards Realbook.pdf,291,292
Over The Rainbow,557 Standards Realbook.pdf,292,292
Out Back Of The Barn,557 Standards Realbook.pdf,293,293
Out Of Nowhere,557 Standards Realbook.pdf,293,294
Party Is Over (The),557 Standards Realbook.pdf,294,294
Pensativa,557 Standards Realbook.pdf,295,296
Pennies From Heaven,557 Standards Realbook.pdf,296,296
Perdido,557 Standards Realbook.pdf,297,298
Poor Butterfly,557 Standards Realbook.pdf,298,298
People,557 Standards Realbook.pdf,299,300
Pick Yourself Up,557 Standards Realbook.pdf,300,300
Please Don't Talk About Me When I'm Gone,557 Standards Realbook.pdf,301,301
Polka Dots And Moonbeams,557 Standards Realbook.pdf,301,302
Preacher (The),557 Standards Realbook.pdf,302,302
Portrait Of Jennie,557 Standards Realbook.pdf,303,303
Prelude To A Kiss,557 Standards Realbook.pdf,304,304
Quiet Nights Of Quiet Starts (Corcovado),557 Standards Realbook.pdf,305,305
Rockin' Chair,557 Standards Realbook.pdf,306,306
Ray's Idea,557 Standards Realbook.pdf,307,307
Red Top,557 Standards Realbook.pdf,308,308
Rosetta,557 Standards Realbook.pdf,308,308
Rhythm-A-Ning,557 Standards Realbook.pdf,309,309
Robbin's Nest,557 Standards Realbook.pdf,309,310
Rose Room,557 Standards Realbook.pdf,310,310
Round Midnight,557 Standards Realbook.pdf,311,312
Ruby,557 Standards Realbook.pdf,313,313
Ruby My Dear,557 Standards Realbook.pdf,314,314
San Francisco Holiday,557 Standards Realbook.pdf,315,315
Satin Doll,557 Standards Realbook.pdf,315,316
Pent Up House,557 Standards Realbook.pdf,316,316
Scrapple From The Apple,557 Standards Realbook.pdf,317,317
Secret Love,557 Standards Realbook.pdf,318,318
September In The Rain,557 Standards Realbook.pdf,319,319
September Song,557 Standards Realbook.pdf,319,320
Shadow Of Your Smile (The),557 Standards Realbook.pdf,320,320
Shiny Stockings,557 Standards Realbook.pdf,321,321
She's Funny That Way,557 Standards Realbook.pdf,321,322
S.K.J.,557 Standards Realbook.pdf,322,322
Since I Feel For You,557 Standards Realbook.pdf,323,323
Sandu,557 Standards Realbook.pdf,323,323
Sister Sadie,557 Standards Realbook.pdf,324,324
Skylark,557 Standards Realbook.pdf,325,325
Small Fry,557 Standards Realbook.pdf,326,326
Smile,557 Standards Realbook.pdf,327,327
Smoke Gets In Your Eyes,557 Standards Realbook.pdf,328,328
Smooth One (A),557 Standards Realbook.pdf,329,329
Softly As In A Morning Sunrise,557 Standards Realbook.pdf,329,330
Soft Winds,557 Standards Realbook.pdf,330,330
Solar,557 Standards Realbook.pdf,331,331
Solitude,557 Standards Realbook.pdf,331,332
Somebody Loves Me,557 Standards Realbook.pdf,332,332
Someday My Prince Will Come,557 Standards Realbook.pdf,333,333
Some Of These Days,557 Standards Realbook.pdf,333,334
Sometimes I'm Happy,557 Standards Realbook.pdf,334,334
Someone To Watch Over Me,557 Standards Realbook.pdf,335,335
Stairway To The Stars,557 Standards Realbook.pdf,336,336
Song Is You (The),557 Standards Realbook.pdf,337,338
Sonny Boy,557 Standards Realbook.pdf,338,338
Sonnymoon For Two,557 Standards Realbook.pdf,339,339
Soon,557 Standards Realbook.pdf,339,340
Soul Eyes,557 Standards Realbook.pdf,340,340
Spring Can Really Hang You Up The Most,557 Standards Realbook.pdf,341,342
Straight No Chaser,557 Standards Realbook.pdf,342,342
Speak Low,557 Standards Realbook.pdf,343,343
Spring Is Here,557 Standards Realbook.pdf,344,344
Star Dust,557 Standards Realbook.pdf,345,345
Sophisticated Lady,557 Standards Realbook.pdf,346,346
Saint James Infirmary,557 Standards Realbook.pdf,346,346
Star Eyes,557 Standards Realbook.pdf,347,347
Stars Fell On Alabama,557 Standards Realbook.pdf,348,348
Stella By Starlight,557 Standards Realbook.pdf,349,349
St. Louis Blues,557 Standards Realbook.pdf,350,350
Stompin' At The Savoy,557 Standards Realbook.pdf,351,351
Stormy Weather,557 Standards Realbook.pdf,352,352
Strike Up The Band,557 Standards Realbook.pdf,353,353
Strode Rode,557 Standards Realbook.pdf,354,354
St. Thomas,557 Standards Realbook.pdf,355,355
Strollin',557 Standards Realbook.pdf,355,356
Sugar,557 Standards Realbook.pdf,356,356
Summer Samba,557 Standards Realbook.pdf,357,357
Summertime,557 Standards Realbook.pdf,357,358
Sunday,557 Standards Realbook.pdf,358,358
Sunny,557 Standards Realbook.pdf,359,359
Surrey With The Fringe On Top,557 Standards Realbook.pdf,359,360
Sweet And Lovely,557 Standards Realbook.pdf,360,360
Swedish Pastry,557 Standards Realbook.pdf,361,361
Sweet Lorraine,557 Standards Realbook.pdf,361,362
Swingin' Along On Broadway,557 Standards Realbook.pdf,362,362
Sweet Sue,557 Standards Realbook.pdf,363,363
Sweet Georgia Brown,557 Standards Realbook.pdf,363,364
S Wonderful,557 Standards Realbook.pdf,364,364
Taking A Chance On Love,557 Standards Realbook.pdf,365,365
Take Five,557 Standards Realbook.pdf,366,366
Tangerine,557 Standards Realbook.pdf,367,367
Tea For Two,557 Standards Realbook.pdf,368,368
Take The A-Train,557 Standards Realbook.pdf,369,369
Teach Me Tonight,557 Standards Realbook.pdf,369,370
Tenor Madness,557 Standards Realbook.pdf,370,370
Tenderly,557 Standards Realbook.pdf,371,371
Remember,557 Standards Realbook.pdf,371,371
Thanks For The Memory,557 Standards Realbook.pdf,372,372
That Old Black Magic,557 Standards Realbook.pdf,373,374
That Old Feeling,557 Standards Realbook.pdf,375,376
That's All,557 Standards Realbook.pdf,376,376
Them There Eyes,557 Standards Realbook.pdf,377,377
There Is No Greater Love,557 Standards Realbook.pdf,378,378
There'll Be Some Changes Made,557 Standards Realbook.pdf,379,379
There's Small Hotel,557 Standards Realbook.pdf,379,380
There Will Never Be Another You,557 Standards Realbook.pdf,380,380
These Foolish Things,557 Standards Realbook.pdf,381,381
They Can't Take That Away From Me,557 Standards Realbook.pdf,382,382
Things Ain't What They Used To Be,557 Standards Realbook.pdf,383,383
Thinking Of You,557 Standards Realbook.pdf,384,384
Things We Did Last Summer,557 Standards Realbook.pdf,385,385
This Can't Be Love,557 Standards Realbook.pdf,386,386
Thou Swell,557 Standards Realbook.pdf,387,387
Tickle-Tow,557 Standards Realbook.pdf,387,388
Trane's Blues,557 Standards Realbook.pdf,388,388
Three Little Words,557 Standards Realbook.pdf,389,389
Till The Clouds Roll By,557 Standards Realbook.pdf,389,390
Tune Up,557 Standards Realbook.pdf,390,390
Till There Was You,557 Standards Realbook.pdf,391,391
Time After Time,557 Standards Realbook.pdf,391,392
Time On My Hands,557 Standards Realbook.pdf,392,392
Tis Autumn,557 Standards Realbook.pdf,393,393
Tin Roof Blues,557 Standards Realbook.pdf,394,394
Too Close For Comfort,557 Standards Realbook.pdf,395,395
Topsy,557 Standards Realbook.pdf,396,396
Too Marvelous For Words,557 Standards Realbook.pdf,397,397
Toot Toot Tootsie,557 Standards Realbook.pdf,397,398
Touch Of Your Lips (The),557 Standards Realbook.pdf,398,398
Tricotism,557 Standards Realbook.pdf,399,399
Triste,557 Standards Realbook.pdf,400,400
Two Sleepy People,557 Standards Realbook.pdf,401,401
Upper Manhattan Medical Group,557 Standards Realbook.pdf,402,402
Undecided,557 Standards Realbook.pdf,403,403
Valse Hot,557 Standards Realbook.pdf,403,404
Very Thought Of You (The),557 Standards Realbook.pdf,404,404
Violets For Your Furs,557 Standards Realbook.pdf,405,405
Walkin',557 Standards Realbook.pdf,406,406
Wee Dot,557 Standards Realbook.pdf,406,406
Waltz For Debby,557 Standards Realbook.pdf,407,408
Watch What Happens,557 Standards Realbook.pdf,409,409
Wave,557 Standards Realbook.pdf,410,410
Watermelon Man,557 Standards Realbook.pdf,411,411
Way You Look Tonight (The),557 Standards Realbook.pdf,411,412
Weaver Of Dreams,557 Standards Realbook.pdf,413,413
We'll Be Together Again,557 Standards Realbook.pdf,413,414
What Am I Here For,557 Standards Realbook.pdf,414,414
Well You Needn't,557 Standards Realbook.pdf,415,415
What A Difference A Day Made,557 Standards Realbook.pdf,416,416
What Are You Doing For The Rest Of Your Life,557 Standards Realbook.pdf,417,417
What Is There To Say,557 Standards Realbook.pdf,418,418
What's New,557 Standards Realbook.pdf,419,419
What Is This Thing Called Love,557 Standards Realbook.pdf,420,420
When I Fall In Love,557 Standards Realbook.pdf,421,421
When Sunny Gets Blue,557 Standards Realbook.pdf,421,422
When Lights Are Low,557 Standards Realbook.pdf,422,422
When Your Lover Has Gone,557 Standards Realbook.pdf,423,423
When You Wish Upon A Star,557 Standards Realbook.pdf,423,424
Where Are You,557 Standards Realbook.pdf,424,424
Where Or When,557 Standards Realbook.pdf,425,425
Will You Still Be Mine,557 Standards Realbook.pdf,426,426
Whisper Not,557 Standards Realbook.pdf,427,428
Who Can I Turn To,557 Standards Realbook.pdf,428,428
Willow Weep For Me,557 Standards Realbook.pdf,429,429
Witchcraft,557 Standards Realbook.pdf,430,430
With A Song In My Heart,557 Standards Realbook.pdf,431,431
Without A Song,557 Standards Realbook.pdf,431,432
Woody N You,557 Standards Realbook.pdf,433,433
Work Song,557 Standards Realbook.pdf,433,434
Wrap Your Troubles In Dreams,557 Standards Realbook.pdf,434,434
Yes Sir That's My Baby,557 Standards Realbook.pdf,435,435
Yardbird Suite,557 Standards Realbook.pdf,435,436
Yesterdays,557 Standards Realbook.pdf,436,436
You Are Too Beautiful,557 Standards Realbook.pdf,437,437
You Are My Sunshine,557 Standards Realbook.pdf,437,438
You'd Be So Nice To Come Home To,557 Standards Realbook.pdf,438,438
You Don't Know What Love Is,557 Standards Realbook.pdf,439,439
You Go To My Head (missing),557 Standards Realbook.pdf,440,440
You Do Something To Me (missing),557 Standards Realbook.pdf,441,441
Young Man With The Horn (The)(missing),557 Standards Realbook.pdf,441,441
Yours Is My Heart Alone (missing),557 Standards Realbook.pdf,442,442
You're Driving Me Crazy (missing),557 Standards Realbook.pdf,443,443
You're My Everything (missing),557 Standards Realbook.pdf,444,444
You Stepped Out Of A Dream (missing),557 Standards Realbook.pdf,445,445
You Took Advantage Of Me (missing),557 Standards Realbook.pdf,446,446
You Turned The Tables On Me (missing),557 Standards Realbook.pdf,447,447
You And The Night And The Music (missing),557 Standards Realbook.pdf,448,448
You've Changed (missing),557 Standards Realbook.pdf,449,449
Young And Foolish (missing),557 Standards Realbook.pdf,450,450
You Make Me Feel So Young (missing),557 Standards Realbook.pdf,451,451
