A Blues, BorgoBook, 3,3, David Borgo
A Dime A Dozen, BorgoBook, 4,4, David Borgo
Afluenza, BorgoBook, 5,5, David Borgo
All Four You, BorgoBook, 6,6, David Borgo
Aqaba, BorgoBook, 7,7, David Borgo
Are You?, BorgoBook, 8,8, David Borgo
Azrou, BorgoBook, 9,9, David Borgo
Bass Urges, BorgoBook, 10,10, David Borgo
Bleeding Gums, BorgoBook, 11,12, David Borgo
Blues Implication, BorgoBook, 13,13, David Borgo
Cautiously Optimistic, BorgoBook, 14,15, David Borgo
II. Chrysalism, BorgoBook, 16,16, David Borgo
Drum Talk, BorgoBook, 17,18, David Borgo
Dubrovnik, BorgoBook, 19,20, David Borgo
Dulce, BorgoBook, 21,21, David Borgo
Eidolon, BorgoBook, 22,22, David Borgo
Empty Nest, BorgoBook, 23,23, David Borgo
Eudaimonia, BorgoBook, 24,25, David Borgo
Fractal Worlds, BorgoBook, 26,26, David Borgo
Gnossienne, BorgoBook, 27,28, David Borgo
Gugulethu, BorgoBook, 29,29, David Borgo
High Intensity Vehicle (HIV), BorgoBook, 30,30, David Borgo
In This Life Till Now, BorgoBook, 31,32, David Borgo
Insistence, BorgoBook, 33,34, David Borgo
Jones'n, BorgoBook, 35,36, David Borgo
Kaleidoscope Eyes, BorgoBook, 37,38, David Borgo
Kenopsia, BorgoBook, 39,40, David Borgo
Kuebiko, BorgoBook, 41,42, David Borgo
Liberosis, BorgBook, 43,44, David Borgo
Like Coltrane, BorgoBook, 45,45, David Borgo
Limassol, BorgoBook, 46,47, David Borgo
Lisboa, BorgoBook, 48,48, David Borgo
Marieleta, BorgoBook, 49,49, David Borgo
Massanetta Springs, BorgoBook, 50,50, David Borgo
Miko, BorgoBook, 51,51, David Borgo
Mombasa, BorgoBook, 52,52, David Borgo
1. Mumbai, BorgoBook, 53,53, David Borgo
Nighty Naughty, BorgoBook, 54,54, David Borgo
No Place Like Home, BorgoBook, 55,55, David Borgo
Occhiolism, BorgoBook, 56,57, David Borgo
Oddity, BorgoBook, 58,58, David Borgo
Off Your Marks, BorgoBook, 59,59, David Borgo
Off You Marks (odd), BorgoBook, 60,60, David Borgo
On The 5, BorgoBook, 61,61, David Borgo
One Step Forward-Two Steps Back, BorgoBook, 62,63, David Borgo
Onism, BorgoBook, 64,64, David Borgo
Only In My Dreams, BorgoBook, 65,65, David Borgo
Paro, BorgoBook, 66,66, David Borgo
Peace of Mind, BorgoBook, 67,67, David Borgo
Perambulate, BorgoBook, 68,68, David Borgo
Perhaps, BorgoBook, 69,69, David Borgo
Pilgrimage, BorgoBook, 70,70, David Borgo
Prognostication, BorgoBook, 71,71, David Borgo
Promenade, BorgoBook, 72,72, David Borgo
Pura Vida, BorgoBook, 73,74, David Borgo
Relational, BorgoBook, 75,75, David Borgo
A Relational View, BorgoBook, 76,77, David Borgo
Reminiscence, BorgoBook, 78,79, David Borgo
Rivers of Consciousness, BorgoBook, 80,80, David Borgo
Russion Dragon, BorgoBook, 81,81, David Borgo
Satiesfied, BorgoBook, 82,82, David Borgo
ScoMotion, BorgoBook, 83,84, David Borgo
Segmented (for Bird), BorgoBook, 85,85, David Borgo
Senescence, BorgoBook, 86,87, David Borgo
Solas, BorgoBook, 88,89, David Borgo
Something Borrowed Blues, BorgoBook, 90,90, David Borgo
Spiral Staircase, BorgoBook, 91,91, David Borgo
Still I Rise, BorgoBook, 92,92, David Borgo
Tabula Rasa, BorgoBook, 93,93, David Borgo
A Thunderous Whisper, BorgoBook, 94,94, David Borgo
The Village COVIDiots, BorgoBook, 95,95, David Borgo
Wack-a-Mole, BorgoBook, 96,97, David Borgo
Wayning Influence, BorgoBook, 98,99, David Borgo
Yet Another Year, BorgoBook, 100,100, David Borgo
Zenosyne, BorgoBook, 101,102, David Borgo
