Sunday,Firehouse Jazz Band.pdf,8,8
Bill Bailey Won't You Please Come Home?,Firehouse Jazz Band.pdf,9,10
Doodle-Doo-Doo,Firehouse Jazz Band.pdf,11,11
Oh! By Jingo!,Firehouse Jazz Band.pdf,12,12
Tishomingo Blues,Firehouse Jazz Band.pdf,13,14
Little Rock Getaway,Firehouse Jazz Band.pdf,15,15
Keepin' Out Of Mischief Now,Firehouse Jazz Band.pdf,16,16
Tailgate Ramble,Firehouse Jazz Band.pdf,17,18
Blue Turning Gray Over You,Firehouse Jazz Band.pdf,19,19
Ja-Da,Firehouse Jazz Band.pdf,20,20
Ostrich Walk,Firehouse Jazz Band.pdf,21,22
When Day Is Done,Firehouse Jazz Band.pdf,23,23
The Tin Roof Blues,Firehouse Jazz Band.pdf,24,24
Sensation Rag,Firehouse Jazz Band.pdf,25,25
Alabamy Bound,Firehouse Jazz Band.pdf,26,26
Washington & Lee Swing (The),Firehouse Jazz Band.pdf,27,27
At The Jazz Band Ball,Firehouse Jazz Band.pdf,28,28
China Boy,Firehouse Jazz Band.pdf,29,29
When Its Darkness On The Delta,Firehouse Jazz Band.pdf,30,30
Bogalusa Strut,Firehouse Jazz Band.pdf,31,31
Some Of These Days,Firehouse Jazz Band.pdf,32,32
Wolverine Blues,Firehouse Jazz Band.pdf,33,34
Sugar,Firehouse Jazz Band.pdf,35,36
Hindustan,Firehouse Jazz Band.pdf,37,37
Knee Drops,Firehouse Jazz Band.pdf,38,38
Where Did Robinson Crusoe Go?,Firehouse Jazz Band.pdf,39,40
Original Dixieland One-Step (The),Firehouse Jazz Band.pdf,41,42
Dippermouth Blues,Firehouse Jazz Band.pdf,43,44
Poor Butterfly,Firehouse Jazz Band.pdf,45,45
Stealin' Apples,Firehouse Jazz Band.pdf,46,46
Wrap Your Troubles In Dreams,Firehouse Jazz Band.pdf,47,47
That Da Da Strain,Firehouse Jazz Band.pdf,48,48
Copenhagen,Firehouse Jazz Band.pdf,49,50
Home,Firehouse Jazz Band.pdf,51,51
See See Rider,Firehouse Jazz Band.pdf,52,52
All The Wrongs You've Done,Firehouse Jazz Band.pdf,53,53
Anything Goes,Firehouse Jazz Band.pdf,53,53
Farewell Blues,Firehouse Jazz Band.pdf,54,54
Paddlin' Madelin' Home,Firehouse Jazz Band.pdf,55,56
Cakewalkin' Babies From Home,Firehouse Jazz Band.pdf,57,58
Deed I Do,Firehouse Jazz Band.pdf,59,59
Yellow Dog Blues (Yellow Dog Rag),Firehouse Jazz Band.pdf,60,60
Clarinet Marmalade,Firehouse Jazz Band.pdf,61,62
Canal Street Blues,Firehouse Jazz Band.pdf,63,63
Wabash Blues (The),Firehouse Jazz Band.pdf,64,64
Big Butter & Egg Man,Firehouse Jazz Band.pdf,65,65
Someday You'll Be Sorry,Firehouse Jazz Band.pdf,66,66
Alabama Jubilee,Firehouse Jazz Band.pdf,67,68
Come Back Sweet Papa,Firehouse Jazz Band.pdf,69,69
Blue Lou,Firehouse Jazz Band.pdf,70,70
Baby Brown,Firehouse Jazz Band.pdf,71,71
Yes! We Have No Bananas,Firehouse Jazz Band.pdf,72,72
Do You Know What It Means To Miss New Orleans,Firehouse Jazz Band.pdf,73,74
Of All The Wrong Things You've Done To Me,Firehouse Jazz Band.pdf,75,75
Oh! Sister Ain't That Hot?,Firehouse Jazz Band.pdf,76,76
Strike Up The Band,Firehouse Jazz Band.pdf,77,77
Ugly Chile,Firehouse Jazz Band.pdf,78,78
Wang Wang Blues (The),Firehouse Jazz Band.pdf,79,80
There'll Be Some Changes Made,Firehouse Jazz Band.pdf,81,82
New Orleans,Firehouse Jazz Band.pdf,83,83
Oh Baby!,Firehouse Jazz Band.pdf,84,84
Caravan,Firehouse Jazz Band.pdf,85,85
Rosetta,Firehouse Jazz Band.pdf,86,86
Birth Of The Blues (The),Firehouse Jazz Band.pdf,87,87
After You've Gone,Firehouse Jazz Band.pdf,88,88
While We Danced At The Mardi Gras,Firehouse Jazz Band.pdf,89,89
Milenburg Joys,Firehouse Jazz Band.pdf,90,91
Swanee,Firehouse Jazz Band.pdf,92,92
The Second Line,Firehouse Jazz Band.pdf,93,93
Panama,Firehouse Jazz Band.pdf,94,95
Memphis Blues (The),Firehouse Jazz Band.pdf,96,96
Memphis Blues (The) (with Lyrics),Firehouse Jazz Band.pdf,97,97
Mama Don't Know,Firehouse Jazz Band.pdf,98,98
Black & Blue,Firehouse Jazz Band.pdf,99,99
Cherokee,Firehouse Jazz Band.pdf,100,100
Whispering,Firehouse Jazz Band.pdf,101,101
Ory's Creole Trombone,Firehouse Jazz Band.pdf,102,103
Ory's Creole Trombone (Solo Trombone Part),Firehouse Jazz Band.pdf,104,105
Sheik Of Araby (The),Firehouse Jazz Band.pdf,106,107
Lazybones,Firehouse Jazz Band.pdf,108,108
Who?,Firehouse Jazz Band.pdf,109,109
I'm Gonna Sit Right Down & Write Myself A Letter,Firehouse Jazz Band.pdf,110,110
Good Man Is Hard To Find (A),Firehouse Jazz Band.pdf,111,111
Down By The Riverside,Firehouse Jazz Band.pdf,112,113
Swing That Music,Firehouse Jazz Band.pdf,114,114
Toot Toot Tootsie,Firehouse Jazz Band.pdf,115,115
Down Among The Sheltering Palms,Firehouse Jazz Band.pdf,116,116
Sugar Blues (The),Firehouse Jazz Band.pdf,117,117
Oriental Strut,Firehouse Jazz Band.pdf,118,119
Floatin' Down That Old Green River,Firehouse Jazz Band.pdf,120,121
Fidgety Feet,Firehouse Jazz Band.pdf,122,123
I Want A Little Girl,Firehouse Jazz Band.pdf,124,124
Mean To Me,Firehouse Jazz Band.pdf,125,125
Kansas City Stomps,Firehouse Jazz Band.pdf,126,127
Doctor Jazz,Firehouse Jazz Band.pdf,128,129
Joint Is Jumpin' (The),Firehouse Jazz Band.pdf,130,131
Livery Stable Blues (Barnyard Blues),Firehouse Jazz Band.pdf,132,133
Livery Stable Blues (Barnyard Blues) (with Lyrics),Firehouse Jazz Band.pdf,134,135
It Don't Mean A Thing If It Ain't Got That Swing,Firehouse Jazz Band.pdf,136,136
Soon,Firehouse Jazz Band.pdf,137,137
Mississippi Mud,Firehouse Jazz Band.pdf,138,138
That's A Funny Place To Kiss A Girl,Firehouse Jazz Band.pdf,139,139
Midnight In Moscow Extravaganza,Firehouse Jazz Band.pdf,140,140
Dream Man,Firehouse Jazz Band.pdf,141,141
San,Firehouse Jazz Band.pdf,142,143
All Of Me,Firehouse Jazz Band.pdf,144,144
Memories Of You,Firehouse Jazz Band.pdf,145,145
Sweethearts On Parade,Firehouse Jazz Band.pdf,146,147
Sweethearts On Parade (Low Brass Part),Firehouse Jazz Band.pdf,148,149
My Honey's Lovin' Arms,Firehouse Jazz Band.pdf,150,151
Mama's Gone Goodbye,Firehouse Jazz Band.pdf,152,152
Oh!,Firehouse Jazz Band.pdf,153,153
Spreadin' Rhythm Around,Firehouse Jazz Band.pdf,154,154
Pee Wee's Blues,Firehouse Jazz Band.pdf,155,155
Si Tu Vois Ma Mere,Firehouse Jazz Band.pdf,156,156
Japanese Sandman,Firehouse Jazz Band.pdf,157,157
(I Wish I Wasn't In) Peoria,Firehouse Jazz Band.pdf,158,159
Way Down Yonder In New Orleans,Firehouse Jazz Band.pdf,160,161
Tiger Rag (The),Firehouse Jazz Band.pdf,162,163
Muskrat Rumble (The),Firehouse Jazz Band.pdf,164,166
Struttin' With Some BBQ,Firehouse Jazz Band.pdf,167,167
Hard Hearted Hannah,Firehouse Jazz Band.pdf,168,168
Ole Miss,Firehouse Jazz Band.pdf,169,170
Heebie Jeebies,Firehouse Jazz Band.pdf,171,172
Charleston (The),Firehouse Jazz Band.pdf,173,174
Nagasaki,Firehouse Jazz Band.pdf,175,176
Louisiana,Firehouse Jazz Band.pdf,177,178
South Rampart St. Parade (The),Firehouse Jazz Band.pdf,179,182
Nobody Knows You When You're Down & Out,Firehouse Jazz Band.pdf,183,183
Squeeze Me,Firehouse Jazz Band.pdf,184,184
Chicago,Firehouse Jazz Band.pdf,185,185
Once In A While,Firehouse Jazz Band.pdf,186,186
Mack The Knife,Firehouse Jazz Band.pdf,187,187
What A Wonderful World,Firehouse Jazz Band.pdf,188,188
Mobile,Firehouse Jazz Band.pdf,189,189
Seems Like Old Times,Firehouse Jazz Band.pdf,190,190
I Ain't Gonna Give Nobody None Of My Jelly Roll,Firehouse Jazz Band.pdf,191,192
Yama Yama Man (The),Firehouse Jazz Band.pdf,193,193
Four Or Five Times,Firehouse Jazz Band.pdf,194,194
Petite Fleur,Firehouse Jazz Band.pdf,195,196
Singin' The Blues,Firehouse Jazz Band.pdf,197,197
Angry,Firehouse Jazz Band.pdf,198,198
Bluin' The Blues,Firehouse Jazz Band.pdf,199,200
Huggin' & A Chalkin' (A),Firehouse Jazz Band.pdf,201,201
South,Firehouse Jazz Band.pdf,202,202
You Took Advantage Of Me,Firehouse Jazz Band.pdf,203,203
Somebody Stole My Gal,Firehouse Jazz Band.pdf,204,204
Louis-i-an-i-a,Firehouse Jazz Band.pdf,205,206
I Wish I Coul Shimmy Like My Sister Kate,Firehouse Jazz Band.pdf,207,208
Shake That Thing,Firehouse Jazz Band.pdf,209,209
When You Wore A Tulip,Firehouse Jazz Band.pdf,210,210
Your Feets Too Big,Firehouse Jazz Band.pdf,211,212
Ace In The Hole,Firehouse Jazz Band.pdf,213,214
Is You Is Or Is You Ain't Ma Baby?,Firehouse Jazz Band.pdf,215,216
How Could Red Riding Hood?,Firehouse Jazz Band.pdf,217,218
Tell 'Em 'Bout Me (When You Reach Tennessee),Firehouse Jazz Band.pdf,219,219
Riverside Blues,Firehouse Jazz Band.pdf,220,220
Tain't Nobody's Biz-ness If I Do,Firehouse Jazz Band.pdf,221,222
Down In Honky-Tonk Town,Firehouse Jazz Band.pdf,223,224
Basin Street Blues (The),Firehouse Jazz Band.pdf,225,225
When I See All The Lovin' They Waste On Babies,Firehouse Jazz Band.pdf,226,228
Barney Google,Firehouse Jazz Band.pdf,229,230
Till We Meet Again,Firehouse Jazz Band.pdf,231,231
Sweet Substitute,Firehouse Jazz Band.pdf,232,232
New Orleans Shuffle,Firehouse Jazz Band.pdf,233,234
Gimme A Pigfoot And A Bottle Of Beer,Firehouse Jazz Band.pdf,235,236
Sweetheart Of Sigma Chi (The),Firehouse Jazz Band.pdf,237,237
Bourbon Street Parade,Firehouse Jazz Band.pdf,238,238
Fifty Miles Of Elbow Room,Firehouse Jazz Band.pdf,239,240
Hundred Years From Today (A),Firehouse Jazz Band.pdf,241,242
Rufe Johnson's Harmony Band,Firehouse Jazz Band.pdf,243,244
San Francisco Bay Blues,Firehouse Jazz Band.pdf,245,246
Play A Simple Melody,Firehouse Jazz Band.pdf,247,248
Chimes Blues,Firehouse Jazz Band.pdf,249,250
My Monday Date,Firehouse Jazz Band.pdf,251,251
What-Cha Gonna Do When There Ain't No Jazz?,Firehouse Jazz Band.pdf,252,252
Limehouse Blues,Firehouse Jazz Band.pdf,253,254
Inka Dinka Doo,Firehouse Jazz Band.pdf,255,256
Royal Garden Blues,Firehouse Jazz Band.pdf,257,257
Eight Nine & Ten,Firehouse Jazz Band.pdf,258,258
Lassus Trombone,Firehouse Jazz Band.pdf,259,259
Sugar Foot Strut,Firehouse Jazz Band.pdf,260,260
Grandpa's Spells,Firehouse Jazz Band.pdf,261,262
Ice Cream,Firehouse Jazz Band.pdf,263,263
If You Were The Only Girl In The World,Firehouse Jazz Band.pdf,264,264
Coney Island Washboard,Firehouse Jazz Band.pdf,265,266
From Monday On,Firehouse Jazz Band.pdf,267,267
Find Out What They Like & How They Like It,Firehouse Jazz Band.pdf,268,268
I'm A Ding Dong Daddy From Dumas,Firehouse Jazz Band.pdf,269,269
Three Little Words,Firehouse Jazz Band.pdf,270,270
Black Bottom,Firehouse Jazz Band.pdf,271,271
Alice Blue Gown,Firehouse Jazz Band.pdf,272,272
My Blue Heaven,Firehouse Jazz Band.pdf,273,274
Stardust,Firehouse Jazz Band.pdf,275,275
Spain,Firehouse Jazz Band.pdf,276,276
Mister Jelly Lord,Firehouse Jazz Band.pdf,277,277
Moten Swing (The),Firehouse Jazz Band.pdf,278,278
Ol' Man Mose,Firehouse Jazz Band.pdf,279,280
Blues In The Night,Firehouse Jazz Band.pdf,281,281
Some Sunny Day,Firehouse Jazz Band.pdf,282,282
Runnin' Wild,Firehouse Jazz Band.pdf,283,284
Dead Man Blues,Firehouse Jazz Band.pdf,285,285
Buddy Bolden Blues (Funky Butt),Firehouse Jazz Band.pdf,286,286
At Sundown,Firehouse Jazz Band.pdf,287,288
Down Yonder,Firehouse Jazz Band.pdf,289,290
Sing You Sinners,Firehouse Jazz Band.pdf,291,291
Algiers Strut,Firehouse Jazz Band.pdf,292,292
Bay City,Firehouse Jazz Band.pdf,293,293
Alcoholic Blues,Firehouse Jazz Band.pdf,294,294
Tuck Me To Sleep In My Old 'Tucky Home,Firehouse Jazz Band.pdf,295,296
New Orleans Stomp,Firehouse Jazz Band.pdf,297,297
Mandy Make Up Your Mind,Firehouse Jazz Band.pdf,298,298
Georgia On My Mind,Firehouse Jazz Band.pdf,299,299
I'm Coming Virginia,Firehouse Jazz Band.pdf,300,301
Is It True What They Say About Dixie?,Firehouse Jazz Band.pdf,302,302
Stars Fell On Alabama,Firehouse Jazz Band.pdf,303,303
And They Called It Dixieland,Firehouse Jazz Band.pdf,304,304
I Gotta Right To Sing The Blues,Firehouse Jazz Band.pdf,305,305
Sweet Georgia Brown,Firehouse Jazz Band.pdf,306,308
Puttin' On The Ritz,Firehouse Jazz Band.pdf,309,309
My Bucket's Got A Hole In It,Firehouse Jazz Band.pdf,310,310
New Orleans Music,Firehouse Jazz Band.pdf,311,312
Irish Black Bottom,Firehouse Jazz Band.pdf,313,313
I Like New Orleans,Firehouse Jazz Band.pdf,314,314
Mardi Gras Mambo,Firehouse Jazz Band.pdf,315,315
One Sweet Letter From You,Firehouse Jazz Band.pdf,316,316
Up A Lazy River,Firehouse Jazz Band.pdf,317,317
After I Say I'm Sorry,Firehouse Jazz Band.pdf,318,318
St. James Infirmary,Firehouse Jazz Band.pdf,318,318
Shine,Firehouse Jazz Band.pdf,319,319
Jazz Me Blues (The),Firehouse Jazz Band.pdf,320,320
Bye Bye Blackbird (I'm Your Mailman),Firehouse Jazz Band.pdf,321,321
Who Did You Meet Last Night?,Firehouse Jazz Band.pdf,322,322
I Like Bananas,Firehouse Jazz Band.pdf,323,323
In A Shanty In Old Shanty Town,Firehouse Jazz Band.pdf,324,324
Mahogany Hall Stomp,Firehouse Jazz Band.pdf,325,325
Maple Leaf Rag (The),Firehouse Jazz Band.pdf,326,326
Oh Lady Be Good!,Firehouse Jazz Band.pdf,327,328
Girl Of My Dreams,Firehouse Jazz Band.pdf,329,329
Somebody Loves Me,Firehouse Jazz Band.pdf,330,330
Joe Avery Blues,Firehouse Jazz Band.pdf,331,331
King Porter Stomp (The),Firehouse Jazz Band.pdf,332,333
Chant (The),Firehouse Jazz Band.pdf,334,335
Suez,Firehouse Jazz Band.pdf,336,337
When The Saints Go Marching In,Firehouse Jazz Band.pdf,338,339
Honeysuckle Rose,Firehouse Jazz Band.pdf,340,341
Just A Closer Walk,Firehouse Jazz Band.pdf,342,342
Ma (He's Making Eyes At Me!),Firehouse Jazz Band.pdf,343,343
Never Hit Your Grandma With A Shovel,Firehouse Jazz Band.pdf,344,345
Everybody Loves My Baby,Firehouse Jazz Band.pdf,346,347
Rockin' Chair,Firehouse Jazz Band.pdf,348,349
Nobody's Sweetheart,Firehouse Jazz Band.pdf,350,351
St. Louis Blues,Firehouse Jazz Band.pdf,352,353
I've Found A New Baby,Firehouse Jazz Band.pdf,354,355
Thatï¿½s A Plenty,Firehouse Jazz Band.pdf,356,358
Hello Dolly,Firehouse Jazz Band.pdf,359,359
(Back Home Again In) Indiana,Firehouse Jazz Band.pdf,360,361
My Melancholy Baby,Firehouse Jazz Band.pdf,362,363
Alexander's Ragtime Band,Firehouse Jazz Band.pdf,364,365
Rock-A-Bye Your Baby With A Dixie Melody,Firehouse Jazz Band.pdf,366,367
12th Street Rag (The),Firehouse Jazz Band.pdf,368,368
Darktown Strutters' Ball (The),Firehouse Jazz Band.pdf,369,369
Chinatown My Chinatown,Firehouse Jazz Band.pdf,370,371
All The Girls Go Crazy 'Bout The Way I Walk (All The Whores Like The Way I Ride),Firehouse Jazz Band.pdf,372,373
Ain't Misbehavin',Firehouse Jazz Band.pdf,374,375
Ballin' The Jack,Firehouse Jazz Band.pdf,376,377
Back To Storyville,Firehouse Jazz Band.pdf,378,378
Lasses Candy,Firehouse Jazz Band.pdf,379,379
Ida Sweet As Apple Cider,Firehouse Jazz Band.pdf,380,381
Riverboat Shuffle,Firehouse Jazz Band.pdf,382,383
Cornet Chop Suey,Firehouse Jazz Band.pdf,384,385
Hot Lips,Firehouse Jazz Band.pdf,386,386
Aunt Hagar's Blues,Firehouse Jazz Band.pdf,387,387
Sweet Lorraine,Firehouse Jazz Band.pdf,388,389
Sweet Sue,Firehouse Jazz Band.pdf,390,390
Avalon,Firehouse Jazz Band.pdf,391,391
Someday Sweetheart,Firehouse Jazz Band.pdf,392,393
I've Got A Feeling I'm Falling,Firehouse Jazz Band.pdf,394,395
Dixie Jamboree,Firehouse Jazz Band.pdf,396,397
Dinah,Firehouse Jazz Band.pdf,398,399
Satanic Blues,Firehouse Jazz Band.pdf,400,400
Rose Of Washington Square,Firehouse Jazz Band.pdf,401,402
Shake It & Break It (Weary Blues),Firehouse Jazz Band.pdf,403,404
Careless Love (Loveless Love),Firehouse Jazz Band.pdf,405,405
Eh La Bas,Firehouse Jazz Band.pdf,406,406
Jus A Little While To Stay Here,Firehouse Jazz Band.pdf,407,407
Over In Glory Land,Firehouse Jazz Band.pdf,408,408
Please Don't Talk About Me When I'm Gone,Firehouse Jazz Band.pdf,409,410
Take My Hand Precious Lord,Firehouse Jazz Band.pdf,411,411
Rose Room,Firehouse Jazz Band.pdf,412,412
Marie,Firehouse Jazz Band.pdf,413,414
Margie,Firehouse Jazz Band.pdf,415,416
Save It Pretty Mama,Firehouse Jazz Band.pdf,417,417
Duff Campbell's Revenge,Firehouse Jazz Band.pdf,418,419
Kansas City Kitty,Firehouse Jazz Band.pdf,420,420
High Society,Firehouse Jazz Band.pdf,421,423
Savoy Blues,Firehouse Jazz Band.pdf,424,424
Over The Waves,Firehouse Jazz Band.pdf,425,425
Down At The Old Firehall,Firehouse Jazz Band.pdf,426,426
Eccentric (That Eccentric Rag),Firehouse Jazz Band.pdf,427,428
Dardanella,Firehouse Jazz Band.pdf,429,430
Mama Goes Where Papa Goes,Firehouse Jazz Band.pdf,431,432
I Can't Believe That You're In Love With Me,Firehouse Jazz Band.pdf,433,433
Rain,Firehouse Jazz Band.pdf,434,434
Tain't No Sin To Take Off Your Skin & Dance Around In Your Bones,Firehouse Jazz Band.pdf,435,436
Ragged But Right,Firehouse Jazz Band.pdf,437,437
I'm Confessin' That I Love You,Firehouse Jazz Band.pdf,438,438
Cherry,Firehouse Jazz Band.pdf,439,440
Take Me To The Land Of Jazz,Firehouse Jazz Band.pdf,441,441
That's My Home,Firehouse Jazz Band.pdf,442,442
Emaline,Firehouse Jazz Band.pdf,443,443
If I Could Be With You One Hour Tonight,Firehouse Jazz Band.pdf,444,444
When It's Sleepy Time Down South,Firehouse Jazz Band.pdf,445,446
Who's Sorry Now?,Firehouse Jazz Band.pdf,447,448
Changes,Firehouse Jazz Band.pdf,449,450
West End Blues,Firehouse Jazz Band.pdf,451,452
So Long Dearie,Firehouse Jazz Band.pdf,453,454
Goofus,Firehouse Jazz Band.pdf,455,456
June Night,Firehouse Jazz Band.pdf,457,457
Wedding Bells (Are Breaking Up That Old Gang Of Mine),Firehouse Jazz Band.pdf,458,458
Body & Soul,Firehouse Jazz Band.pdf,459,459
What Can I Say Dear After I Say I'm Sorry,Firehouse Jazz Band.pdf,460,460
The Curse Of An Aching Heart,Firehouse Jazz Band.pdf,461,461
If I Had You,Firehouse Jazz Band.pdf,462,462
Chlo-E (Song Of The Swamp),Firehouse Jazz Band.pdf,463,464
Clementine (From New Orleans),Firehouse Jazz Band.pdf,465,466
Beale St. Blues,Firehouse Jazz Band.pdf,467,467
Beale St. Mama,Firehouse Jazz Band.pdf,468,468
At A Georgia Camp Meeting,Firehouse Jazz Band.pdf,469,469
Basin St. Stomp (The),Firehouse Jazz Band.pdf,470,470
Do What Ory Say,Firehouse Jazz Band.pdf,471,471
Oh Didn't He Ramble,Firehouse Jazz Band.pdf,472,472
Roses Of Picardy,Firehouse Jazz Band.pdf,473,473
Bye Bye Blues,Firehouse Jazz Band.pdf,474,474
Melancholy Blues,Firehouse Jazz Band.pdf,475,476
Just Wait 'Til You See My Baby Do The Charleston,Firehouse Jazz Band.pdf,477,478
Whiffenpoof Song (The),Firehouse Jazz Band.pdf,479,479
Yerba Buena Blues,Firehouse Jazz Band.pdf,480,480
Dixieland Band (The),Firehouse Jazz Band.pdf,481,482
If I Ever Cease To Love,Firehouse Jazz Band.pdf,483,483
Lulu's Back In Town,Firehouse Jazz Band.pdf,484,484
Don't Bring Lulu,Firehouse Jazz Band.pdf,485,486
Tia Juana,Firehouse Jazz Band.pdf,487,488
When Erastus Plays His Old Kazoo,Firehouse Jazz Band.pdf,489,490
Mabel's Dream,Firehouse Jazz Band.pdf,491,492
Buddy's Habit,Firehouse Jazz Band.pdf,493,494
I'll Be A Friend With Pleasure,Firehouse Jazz Band.pdf,495,495
Winin' Boy (The Winin' Boy Blues),Firehouse Jazz Band.pdf,496,496
Shim-Me-Sha-Wabble,Firehouse Jazz Band.pdf,497,497
Down Home Rag (The),Firehouse Jazz Band.pdf,498,498
Baby Face,Firehouse Jazz Band.pdf,499,500
Daddy Do,Firehouse Jazz Band.pdf,501,502
My Heart,Firehouse Jazz Band.pdf,503,504
I Double Dare You,Firehouse Jazz Band.pdf,505,505
Minnie The Mermaid,Firehouse Jazz Band.pdf,506,506
Thou Swell,Firehouse Jazz Band.pdf,507,507
Georgia Bo-Bo,Firehouse Jazz Band.pdf,508,508
Jelly Roll Blues (The),Firehouse Jazz Band.pdf,509,510
Palesteena (Lena The Queen's Palesteena),Firehouse Jazz Band.pdf,511,512
Lonesomest Gal In Town (The),Firehouse Jazz Band.pdf,513,514
Bugle Call Rag (The),Firehouse Jazz Band.pdf,515,516
Jamboree Jones,Firehouse Jazz Band.pdf,517,518
Floatin' Down To Cotton Town,Firehouse Jazz Band.pdf,519,520
Sailing Down Chesapeake Bay,Firehouse Jazz Band.pdf,521,521
Minor Drag (The),Firehouse Jazz Band.pdf,522,522
Moonlight On The Ganges,Firehouse Jazz Band.pdf,523,524
Storyville Blues (The),Firehouse Jazz Band.pdf,525,525
Trouble In Mind,Firehouse Jazz Band.pdf,526,526
Hotter Than That,Firehouse Jazz Band.pdf,527,528
Davenport Blues,Firehouse Jazz Band.pdf,529,530
Since My Best Gal Turned Me Down,Firehouse Jazz Band.pdf,531,532
New Orleans Joys,Firehouse Jazz Band.pdf,533,533
Walkin' The Dog,Firehouse Jazz Band.pdf,534,534
Atlanta Blues (Make Me One Pallet On Your Floor),Firehouse Jazz Band.pdf,535,536
My Baby,Firehouse Jazz Band.pdf,537,537
You've Been A Good Ol' Wagon (But You Done Broke Down),Firehouse Jazz Band.pdf,538,538
You're A Million Miles From Nowhere (When You're One Little Mile From Home),Firehouse Jazz Band.pdf,539,540
Frankie & Johnnie,Firehouse Jazz Band.pdf,541,541
You'v Got To See Mamma Ev'ry Night (Or You Can't See Mamma At All),Firehouse Jazz Band.pdf,542,542
Indian Love Call,Firehouse Jazz Band.pdf,543,544
Sadie Green (The Vamp Of New Orleans),Firehouse Jazz Band.pdf,545,547
Gone,Firehouse Jazz Band.pdf,548,548
Baby Won't You Please Come Home,Firehouse Jazz Band.pdf,549,549
You Can Depend On Me,Firehouse Jazz Band.pdf,550,550
When Ragtime Rosie Ragged The Rosary,Firehouse Jazz Band.pdf,551,552
Hesitating Blues (The),Firehouse Jazz Band.pdf,553,554
Strut Miss Lizzie,Firehouse Jazz Band.pdf,555,556
I'm Getting Sentimental (F Major),Firehouse Jazz Band.pdf,557,557
I'm Getting Sentimental (Bb Major),Firehouse Jazz Band.pdf,558,558
Aun't Hagar's Blues (Aun't Hagar's Children Blues),Firehouse Jazz Band.pdf,559,560
Lone Gone (From Bowlin' Green),Firehouse Jazz Band.pdf,561,562
Here Comes My Ball & Chain,Firehouse Jazz Band.pdf,563,564
When The Midnight Choo-Choo Leaves For Alabam',Firehouse Jazz Band.pdf,565,566
Aggravatin' Papa (Don't You Try To Two-Time Me),Firehouse Jazz Band.pdf,567,568
At The Devil's Ball,Firehouse Jazz Band.pdf,569,570
Mandy (There's A Mister Handy),Firehouse Jazz Band.pdf,571,571
Red Hot Mama,Firehouse Jazz Band.pdf,572,572
Sunset Cafe Stomp,Firehouse Jazz Band.pdf,573,574
Skeleton Jangle,Firehouse Jazz Band.pdf,575,576
It's Tight Like That,Firehouse Jazz Band.pdf,577,577
Love Me Or Leave Me,Firehouse Jazz Band.pdf,578,578
Burnin' The Iceberg,Firehouse Jazz Band.pdf,579,580
Pearls (The),Firehouse Jazz Band.pdf,581,582
Willie The Weeper,Firehouse Jazz Band.pdf,583,583
Hear Me Talkin' To Ya',Firehouse Jazz Band.pdf,584,584
Louisiana Fairytale,Firehouse Jazz Band.pdf,585,586
Chattanooga Stomp,Firehouse Jazz Band.pdf,587,588
Ciribiribin,Firehouse Jazz Band.pdf,589,590
Bugle Boy March,Firehouse Jazz Band.pdf,591,592
Grizzly Bear Rag (The),Firehouse Jazz Band.pdf,593,593
World Is Waiting For The Sinrise (The),Firehouse Jazz Band.pdf,594,594
Farewell To Storyville (The Good Time Flat Blues),Firehouse Jazz Band.pdf,595,595
(Here Comes The) Hot Tamale Man,Firehouse Jazz Band.pdf,596,597
Lovin' Sam (The Sheik Of Alabam'),Firehouse Jazz Band.pdf,598,599
Pagan Love Song,Firehouse Jazz Band.pdf,600,600
Ble (And Broken-Hearted),Firehouse Jazz Band.pdf,601,601
He May Be Your Man (But He Comes To See Me Sometimes),Firehouse Jazz Band.pdf,602,603
Dear Old Southland,Firehouse Jazz Band.pdf,604,604
Old Fashioned Love,Firehouse Jazz Band.pdf,605,605
Roll The Patrol,Firehouse Jazz Band.pdf,606,607
Stumbling,Firehouse Jazz Band.pdf,608,608
Silver Dollar,Firehouse Jazz Band.pdf,609,609
How Come You Do Me Like You Do?,Firehouse Jazz Band.pdf,610,610
Coquette,Firehouse Jazz Band.pdf,611,611
Pretty Baby,Firehouse Jazz Band.pdf,612,612
Corrine Corrina,Firehouse Jazz Band.pdf,613,613
Jimtown Blues,Firehouse Jazz Band.pdf,614,615
Sobbin' Blues,Firehouse Jazz Band.pdf,616,616
Wild Man Blues,Firehouse Jazz Band.pdf,617,617
Lucy Long,Firehouse Jazz Band.pdf,618,619
Chicago Breakdown,Firehouse Jazz Band.pdf,620,621
Down In Jungle Town,Firehouse Jazz Band.pdf,622,622
She Looks Like Helen Brown,Firehouse Jazz Band.pdf,623,623
Minnie The Moocher,Firehouse Jazz Band.pdf,624,625
Second Hand Rose,Firehouse Jazz Band.pdf,626,626
Moanin' Low,Firehouse Jazz Band.pdf,627,627
On The Alamo,Firehouse Jazz Band.pdf,628,629
Yes I'm In The Barrel,Firehouse Jazz Band.pdf,630,630
American Patrol (The),Firehouse Jazz Band.pdf,631,631
How Can You Face Me?,Firehouse Jazz Band.pdf,632,633
Stavin' Change,Firehouse Jazz Band.pdf,634,634
March Of The Bobcats,Firehouse Jazz Band.pdf,635,635
Big Boy,Firehouse Jazz Band.pdf,636,636
Because My Baby Don't Mean 'Maybe' Now,Firehouse Jazz Band.pdf,637,637
I Love My Baby,Firehouse Jazz Band.pdf,638,639
Rhythm King,Firehouse Jazz Band.pdf,640,641
Bessie Couldn't Help It,Firehouse Jazz Band.pdf,642,643
Black Bottom Stomp (The) (Queen Of Spades),Firehouse Jazz Band.pdf,644,644
For Sale (Hannah Johnson's Big Black Ass),Firehouse Jazz Band.pdf,645,645
Papa De-Da-Da (A New Orleans Stomp),Firehouse Jazz Band.pdf,646,646
Doin' The New Low-Down,Firehouse Jazz Band.pdf,647,647
Some Sweet Day,Firehouse Jazz Band.pdf,648,649
Whiteman Stomp (The),Firehouse Jazz Band.pdf,650,651
Emperor Norton's Hunch,Firehouse Jazz Band.pdf,652,652
I'm Wild About Horns On Automobiles,Firehouse Jazz Band.pdf,653,654
My Window Faces The South,Firehouse Jazz Band.pdf,655,656
Hyena Stomp,Firehouse Jazz Band.pdf,657,658
Burgundy Street Blues (The),Firehouse Jazz Band.pdf,659,659
Perdido,Firehouse Jazz Band.pdf,660,660
Big Bear Stomp,Firehouse Jazz Band.pdf,661,662
Take Your Tomorrow,Firehouse Jazz Band.pdf,663,665
Right Or Wrong,Firehouse Jazz Band.pdf,666,667
Blue River,Firehouse Jazz Band.pdf,668,669
Creole Belles,Firehouse Jazz Band.pdf,670,671
That's Where The South Begins,Firehouse Jazz Band.pdf,672,672
Just A Gigolo,Firehouse Jazz Band.pdf,673,673
Zonky,Firehouse Jazz Band.pdf,674,675
Egyptian Ella,Firehouse Jazz Band.pdf,676,677
Down In Borneo Isle,Firehouse Jazz Band.pdf,678,679
Annie Street Rock,Firehouse Jazz Band.pdf,680,681
Jazz Baby,Firehouse Jazz Band.pdf,682,683
Sophisticated Lady,Firehouse Jazz Band.pdf,684,684
Afghanistan (A Romance Of Asia),Firehouse Jazz Band.pdf,685,685
Who Threw Whiskey In The Well?,Firehouse Jazz Band.pdf,686,687
I Can't Let 'Em Suffer,Firehouse Jazz Band.pdf,688,689
Flee As A Bird,Firehouse Jazz Band.pdf,690,690
Borneo,Firehouse Jazz Band.pdf,691,691
Sorry,Firehouse Jazz Band.pdf,692,693
That Dixie Jazz,Firehouse Jazz Band.pdf,694,695
Washboard Blues,Firehouse Jazz Band.pdf,696,697
Red Hot & Blue Rhythm,Firehouse Jazz Band.pdf,698,699
Tain't Nothin' Else But Jazz,Firehouse Jazz Band.pdf,700,700
Radio Papa,Firehouse Jazz Band.pdf,701,701
Waitin' For The Robert E. Lee,Firehouse Jazz Band.pdf,702,704
Lazy Daddy,Firehouse Jazz Band.pdf,705,705
Back In Your Own Back Yard,Firehouse Jazz Band.pdf,706,707
There'll Come A Time,Firehouse Jazz Band.pdf,708,709
Isle Of Capri (The),Firehouse Jazz Band.pdf,710,710
Blue Prelude,Firehouse Jazz Band.pdf,711,711
At The Codfish Ball,Firehouse Jazz Band.pdf,712,712
Blue Again,Firehouse Jazz Band.pdf,713,713
I'll Never Be The Same,Firehouse Jazz Band.pdf,714,714
Jackass Blues,Firehouse Jazz Band.pdf,715,715
That's No Bargain,Firehouse Jazz Band.pdf,716,717
Don't Take That Black Bottom Away,Firehouse Jazz Band.pdf,718,719
Ol' Man River,Firehouse Jazz Band.pdf,720,721
Midnight Mamma,Firehouse Jazz Band.pdf,722,723
Wild Cherries Rag,Firehouse Jazz Band.pdf,724,725
My Little Bimbo Down On The Bamboo Isle,Firehouse Jazz Band.pdf,726,727
Nobody Knows What A Red-Head Mamma Can Do,Firehouse Jazz Band.pdf,728,729
Sleepy Time Gal,Firehouse Jazz Band.pdf,730,730
World's Jazz Crazy (And So Am I) (The),Firehouse Jazz Band.pdf,731,731
Cleopatra Had A Jazz Band,Firehouse Jazz Band.pdf,732,733
My Pretty Girl,Firehouse Jazz Band.pdf,734,735
Love Nest (The),Firehouse Jazz Band.pdf,736,736
Old Rugged Cross (The),Firehouse Jazz Band.pdf,737,737
She's A Great Great Girl,Firehouse Jazz Band.pdf,738,739
Hambone Kelly,Firehouse Jazz Band.pdf,740,740
Temptation Blues,Firehouse Jazz Band.pdf,741,741
I'm Goin' Huntin',Firehouse Jazz Band.pdf,742,743
King Chanticleer,Firehouse Jazz Band.pdf,744,745
Exactly Like You,Firehouse Jazz Band.pdf,746,746
I Can't Give You Anything But Love,Firehouse Jazz Band.pdf,747,747
New Orleans Hop Scop Blues,Firehouse Jazz Band.pdf,748,750
Mooche (The),Firehouse Jazz Band.pdf,751,752
Sweet Savannah Sue,Firehouse Jazz Band.pdf,753,754
New Orleans Wiggle,Firehouse Jazz Band.pdf,755,756
She's Crying For Me,Firehouse Jazz Band.pdf,757,758
My Sweet Lovin' Man,Firehouse Jazz Band.pdf,759,759
Am I Blue?,Firehouse Jazz Band.pdf,760,760
Stevedore Stomp,Firehouse Jazz Band.pdf,761,762
There Ain't No Sweet Man That's Worth The Salt Of My Tears,Firehouse Jazz Band.pdf,763,763
Choo Choo Ch'Boogie,Firehouse Jazz Band.pdf,764,764
Sidewalk Blues,Firehouse Jazz Band.pdf,765,766
That's My Weakness Now,Firehouse Jazz Band.pdf,767,767
I Guess I'll Get The Papers & Go Home,Firehouse Jazz Band.pdf,768,768
Perdido Street Blues,Firehouse Jazz Band.pdf,769,770
Big Noise From Winnetka,Firehouse Jazz Band.pdf,771,772
Flat Foot Floogie (The),Firehouse Jazz Band.pdf,773,773
Old Folks,Firehouse Jazz Band.pdf,774,774
A Porter's Love Song To A Chambermaid,Firehouse Jazz Band.pdf,775,776
Robbin's Nest,Firehouse Jazz Band.pdf,777,777
