Bid For(A)  ,JAZZLTD.pdf,8,8
Adams Apple  ,JAZZLTD.pdf,9,9
Afreaka  ,JAZZLTD.pdf,10,10
Ain't It The Truth,JAZZLTD.pdf,11,11
Aisha  ,JAZZLTD.pdf,12,12
Little Sweet(A)  ,JAZZLTD.pdf,12,12
Air Conditioning  ,JAZZLTD.pdf,13,13
All Members       ,JAZZLTD.pdf,13,13
All Too Soon      ,JAZZLTD.pdf,14,14
Almost  Like Being In  Love    ,JAZZLTD.pdf,15,15
Amor Sonador        ,JAZZLTD.pdf,16,16
Ah-leu-cha  ,JAZZLTD.pdf,17,17
April  Head ,JAZZLTD.pdf,18,18
An Oscar  For  Treadwell   ,JAZZLTD.pdf,19,19
Arriving Soon   ,JAZZLTD.pdf,19,19
Anti Climax   ,JAZZLTD.pdf,20,20
Aquarius   ,JAZZLTD.pdf,20,20
Cyclic Episode   ,JAZZLTD.pdf,20,20
Are They Only Dreams   ,JAZZLTD.pdf,21,21
At Last  ,JAZZLTD.pdf,22,22
Autumn  Liebs ,JAZZLTD.pdf,23,23
Azule  Serape ,JAZZLTD.pdf,23,23
After Fact ,JAZZLTD.pdf,24,24
Africaine  ,JAZZLTD.pdf,25,25
Bark for Barsdale ,JAZZLTD.pdf,25,25
Baby Breeze  ,JAZZLTD.pdf,26,26
Background Music ,JAZZLTD.pdf,27,27
Band Aid  ,JAZZLTD.pdf,28,28
Bakai  ,JAZZLTD.pdf,29,29
Bemsha Swing  ,JAZZLTD.pdf,29,29
Bea's Flat ,JAZZLTD.pdf,30,30
Beatrice  ,JAZZLTD.pdf,30,30
Batter Up ,JAZZLTD.pdf,31,31
Bockhanal   ,JAZZLTD.pdf,31,31
Berkshire Blues   ,JAZZLTD.pdf,32,32
Big Ben  ,JAZZLTD.pdf,33,33
Big Bear  ,JAZZLTD.pdf,34,34
Big Bertha  ,JAZZLTD.pdf,35,35
Bird Calls  ,JAZZLTD.pdf,35,35
Bones From Jones   ,JAZZLTD.pdf,36,36
Big Push  ,JAZZLTD.pdf,37,37
Birds Mother  ,JAZZLTD.pdf,38,38
X-Stream   ,JAZZLTD.pdf,38,38
Black   ,JAZZLTD.pdf,39,39
Black Bats and Poles ,JAZZLTD.pdf,40,40
Black Eyes  ,JAZZLTD.pdf,41,41
The Blessing  ,JAZZLTD.pdf,41,41
Bottoms Up  ,JAZZLTD.pdf,42,42
Blue Fable  ,JAZZLTD.pdf,43,43
Blue Lace  ,JAZZLTD.pdf,44,44
Blue Concept  ,JAZZLTD.pdf,45,45
Blues Peru  ,JAZZLTD.pdf,45,45
Blue Hawk  ,JAZZLTD.pdf,46,46
Blue Samba  ,JAZZLTD.pdf,46,46
Blue Skies  ,JAZZLTD.pdf,47,47
Bob Movers Bossa Nova   ,JAZZLTD.pdf,48,48
Busy B's   ,JAZZLTD.pdf,49,49
Boy What A Night,JAZZLTD.pdf,50,50
Breakthrough   ,JAZZLTD.pdf,50,50
Ballad (A) ,JAZZLTD.pdf,51,51
Bridgitte   ,JAZZLTD.pdf,52,52
Brownie  Speaks ,JAZZLTD.pdf,53,53
Beach Wise ,JAZZLTD.pdf,54,54
Bongo Hop   ,JAZZLTD.pdf,54,54
Bruh Slim   ,JAZZLTD.pdf,55,55
Bud's Idea  ,JAZZLTD.pdf,55,55
Bop City  ,JAZZLTD.pdf,56,56
Bright  Blues ,JAZZLTD.pdf,56,56
Buhaina's Delight   ,JAZZLTD.pdf,57,57
Butch and Butch  ,JAZZLTD.pdf,58,58
Bye-Ya   ,JAZZLTD.pdf,58,58
Cathy   ,JAZZLTD.pdf,59,59
Chasing the Bird  ,JAZZLTD.pdf,59,59
Cascades   ,JAZZLTD.pdf,60,60
Cady and Carole   ,JAZZLTD.pdf,61,61
Charcoal Blues   ,JAZZLTD.pdf,61,61
Cat   ,JAZZLTD.pdf,62,62
Casa de Luz  ,JAZZLTD.pdf,63,63
Crisis   ,JAZZLTD.pdf,63,63
Cheshire Cat Walk  ,JAZZLTD.pdf,64,64
Chesney   ,JAZZLTD.pdf,65,65
Chief Crazy Horse  ,JAZZLTD.pdf,66,66
Chronic Blues  ,JAZZLTD.pdf,67,67
Circumstantial   ,JAZZLTD.pdf,68,68
Comin' On The Hudson   ,JAZZLTD.pdf,68,68
Cantelope Island   ,JAZZLTD.pdf,69,69
Crepuscule With Nellis   ,JAZZLTD.pdf,69,69
Footprints   ,JAZZLTD.pdf,69,69
Charles Christopher Parker  ,JAZZLTD.pdf,70,70
Comin' Down   ,JAZZLTD.pdf,71,71
Cookin' At The Continental   ,JAZZLTD.pdf,71,71
Comrad Conrad   ,JAZZLTD.pdf,72,72
Contemplation   ,JAZZLTD.pdf,73,73
Connies Bounce   ,JAZZLTD.pdf,74,74
Cool One (The)  ,JAZZLTD.pdf,75,75
Consternation   ,JAZZLTD.pdf,76,76
Children Of The Night  ,JAZZLTD.pdf,77,77
Crescent City   ,JAZZLTD.pdf,78,78
C.T.A.   ,JAZZLTD.pdf,79,79
CIA   ,JAZZLTD.pdf,79,79
Cunga Black   ,JAZZLTD.pdf,80,80
Dahomey Dance   ,JAZZLTD.pdf,81,81
Dance  Of The Infidels ,JAZZLTD.pdf,81,81
Dakar   ,JAZZLTD.pdf,82,82
Dance  Cadaverous ,JAZZLTD.pdf,83,83
Dat Dere  ,JAZZLTD.pdf,84,84
Dear Old Stockholm  ,JAZZLTD.pdf,85,85
Deception   ,JAZZLTD.pdf,86,86
Decidedly   ,JAZZLTD.pdf,87,87
Dee's Dilemma   ,JAZZLTD.pdf,88,88
Dj vu  ,JAZZLTD.pdf,89,89
Del Sasser   ,JAZZLTD.pdf,90,90
Desert  Moonlight ,JAZZLTD.pdf,91,91
Dexter   ,JAZZLTD.pdf,92,92
Dilemma   ,JAZZLTD.pdf,93,93
Dimples   ,JAZZLTD.pdf,93,93
Did You Call Her Today   ,JAZZLTD.pdf,94,94
Cariba   ,JAZZLTD.pdf,95,95
Double Talk  ,JAZZLTD.pdf,95,95
Dizzy's Business   ,JAZZLTD.pdf,96,96
Dr. Jeckyll  ,JAZZLTD.pdf,96,96
Dr. Jeckyll  ,JAZZLTD.pdf,96,96
Doin' The Things  ,JAZZLTD.pdf,97,97
Don't Explain  ,JAZZLTD.pdf,97,97
Doodlin   ,JAZZLTD.pdf,98,98
Down   ,JAZZLTD.pdf,99,99
Duke's Sound Of Love   ,JAZZLTD.pdf,100,100
Eager Beaver  ,JAZZLTD.pdf,101,101
Early   ,JAZZLTD.pdf,102,102
Ebony Moonbeams  ,JAZZLTD.pdf,103,103
Eclipse  (Henderson) ,JAZZLTD.pdf,104,104
Eclipse  (Mingus) ,JAZZLTD.pdf,104,104
Edda   ,JAZZLTD.pdf,105,105
Eighth Day (The)   ,JAZZLTD.pdf,106,106
Ein Bein Strauss   ,JAZZLTD.pdf,107,107
Elevation   ,JAZZLTD.pdf,107,107
Ellipsis (Helias)   ,JAZZLTD.pdf,108,108
Ellipsis (Rivers)   ,JAZZLTD.pdf,109,109
Elsa   ,JAZZLTD.pdf,109,109
El Toro  ,JAZZLTD.pdf,110,110
Elvin Sir Jones   ,JAZZLTD.pdf,110,110
Ecaroh   ,JAZZLTD.pdf,111,111
Empathy   ,JAZZLTD.pdf,112,112
Ericloth   ,JAZZLTD.pdf,113,113
Early Spring  ,JAZZLTD.pdf,114,114
Eronel   ,JAZZLTD.pdf,114,114
Escapade   ,JAZZLTD.pdf,115,115
Estimated Time Of Arrival   ,JAZZLTD.pdf,116,116
Evergreenish   ,JAZZLTD.pdf,117,117
Every Now And Then   ,JAZZLTD.pdf,118,118
Every Time I See You  ,JAZZLTD.pdf,119,119
Evidence   ,JAZZLTD.pdf,119,119
E.T.A.   ,JAZZLTD.pdf,120,120
Eternal Triange   ,JAZZLTD.pdf,121,121
Exodus   ,JAZZLTD.pdf,122,122
Fair Weather   ,JAZZLTD.pdf,123,123
Fat Lady   ,JAZZLTD.pdf,124,124
Four In One  ,JAZZLTD.pdf,124,124
Face Dancer   ,JAZZLTD.pdf,125,125
Fine And Dandy  ,JAZZLTD.pdf,126,126
Five   ,JAZZLTD.pdf,127,127
Five-Four Thing   ,JAZZLTD.pdf,128,128
Flamingo   ,JAZZLTD.pdf,129,129
Florences Fantasy  ,JAZZLTD.pdf,130,130
Flowers For  A   Lady ,JAZZLTD.pdf,131,131
For Miles And Miles  ,JAZZLTD.pdf,131,131
Forgetful   ,JAZZLTD.pdf,132,132
For Harry Carney  ,JAZZLTD.pdf,133,133
Fun To Be Fooled ,JAZZLTD.pdf,134,134
For Regulars Only  ,JAZZLTD.pdf,135,135
Farkle Flakes  ,JAZZLTD.pdf,136,136
Four Others  ,JAZZLTD.pdf,137,137
Free Wheeling  ,JAZZLTD.pdf,137,137
Foxhorn  Song ,JAZZLTD.pdf,138,138
French  Spice ,JAZZLTD.pdf,139,139
Funk In Deep Freeze  ,JAZZLTD.pdf,140,140
Fuschia Swing Song   ,JAZZLTD.pdf,140,140
Gail   ,JAZZLTD.pdf,141,141
Gandolfo's Bounce   ,JAZZLTD.pdf,141,141
Gaslight   ,JAZZLTD.pdf,142,142
Gary's Notebook   ,JAZZLTD.pdf,143,143
Gibraltar   ,JAZZLTD.pdf,144,144
Ginseng People   ,JAZZLTD.pdf,145,145
Giggin' And Drinkin   ,JAZZLTD.pdf,146,146
Gnid   ,JAZZLTD.pdf,146,146
Go   ,JAZZLTD.pdf,147,147
Good Spirits  ,JAZZLTD.pdf,148,148
Granted   ,JAZZLTD.pdf,148,148
Goswell   ,JAZZLTD.pdf,149,149
Greene St. Caper   ,JAZZLTD.pdf,150,150
Greenwich   ,JAZZLTD.pdf,151,151
Gregory Is Here   ,JAZZLTD.pdf,152,152
Gringo (The)  ,JAZZLTD.pdf,153,153
Half Dozens (The)  ,JAZZLTD.pdf,154,154
Homestretch   ,JAZZLTD.pdf,154,154
Harold's House Of Jazz  ,JAZZLTD.pdf,155,155
Heyoke   ,JAZZLTD.pdf,156,156
Hoe Down  ,JAZZLTD.pdf,157,157
Happiness Is A Thing Called Joe ,JAZZLTD.pdf,158,158
Homage   ,JAZZLTD.pdf,159,159
Hayseed   ,JAZZLTD.pdf,160,160
Homework   ,JAZZLTD.pdf,160,160
Hold' Em Joe   ,JAZZLTD.pdf,161,161
House Of Chan  ,JAZZLTD.pdf,162,162
Hypochtistmutreefuzz   ,JAZZLTD.pdf,163,163
I Didn't Know About You,JAZZLTD.pdf,164,164
I Got Rhythm ,JAZZLTD.pdf,165,165
In Don's Kitchen  ,JAZZLTD.pdf,165,165
I'm In The Mood For Love ,JAZZLTD.pdf,166,166
I Get Along Without You Very Well,JAZZLTD.pdf,167,168
I Remember Bird ,JAZZLTD.pdf,168,168
In A Mist ,JAZZLTD.pdf,169,169
Inez   ,JAZZLTD.pdf,170,170
Invisible (The)   ,JAZZLTD.pdf,170,170
It Could Only Happen With You    ,JAZZLTD.pdf,171,172
In Salah  ,JAZZLTD.pdf,172,172
Introspection   ,JAZZLTD.pdf,173,173
I Surrender Dear  ,JAZZLTD.pdf,174,174
I Only Have Eyes For You ,JAZZLTD.pdf,175,175
It Happens Every Day    ,JAZZLTD.pdf,176,176
Isabel The Liberator      ,JAZZLTD.pdf,177,177
I'm On My Way ,JAZZLTD.pdf,178,178
It All Comes Back To You     ,JAZZLTD.pdf,179,179
It's You Or No One For Me  ,JAZZLTD.pdf,180,180
I Waited For You ,JAZZLTD.pdf,181,181
I Won't Be Back ,JAZZLTD.pdf,182,182
Jaguar   ,JAZZLTD.pdf,183,183
Joanna   ,JAZZLTD.pdf,184,184
Joe Maini   ,JAZZLTD.pdf,184,184
Jeru   ,JAZZLTD.pdf,185,185
Guijira   ,JAZZLTD.pdf,186,186
Jodo   ,JAZZLTD.pdf,187,187
Juicy Lucy   ,JAZZLTD.pdf,188,188
Joshua   ,JAZZLTD.pdf,189,189
Joshua C.   ,JAZZLTD.pdf,190,190
Just By Myself ,JAZZLTD.pdf,191,191
Kiki And Mingus  ,JAZZLTD.pdf,192,192
Kryptonite   ,JAZZLTD.pdf,192,192
Little Linda  ,JAZZLTD.pdf,193,194
Kaleidoscope   ,JAZZLTD.pdf,194,194
Lady Day  ,JAZZLTD.pdf,195,195
Lady Sings The Blues ,JAZZLTD.pdf,195,195
La Mesha  ,JAZZLTD.pdf,196,196
Lady J  ,JAZZLTD.pdf,197,198
Landslide   ,JAZZLTD.pdf,199,199
Left Alone  ,JAZZLTD.pdf,199,199
Lester Left Town ,JAZZLTD.pdf,200,200
Laurie   ,JAZZLTD.pdf,201,201
Licea   ,JAZZLTD.pdf,202,202
Light Blue  ,JAZZLTD.pdf,202,202
Let's Call This ,JAZZLTD.pdf,203,203
Little Melonae  ,JAZZLTD.pdf,203,203
Lil's Paradise  ,JAZZLTD.pdf,204,204
Let's Fall In Love ,JAZZLTD.pdf,205,205
Look For The Silver Lining  ,JAZZLTD.pdf,206,206
Lion's Den   ,JAZZLTD.pdf,207,207
Lisa (Montolieu)  ,JAZZLTD.pdf,207,207
Lisa (Feldman)  ,JAZZLTD.pdf,208,208
Little Sheri  ,JAZZLTD.pdf,209,209
Love Poem  ,JAZZLTD.pdf,210,210
Little Susan  ,JAZZLTD.pdf,211,211
Luminescence   ,JAZZLTD.pdf,212,212
Lodgellian Mode   ,JAZZLTD.pdf,213,213
Lonely Town  ,JAZZLTD.pdf,214,214
Long Yellow  Road,JAZZLTD.pdf,215,215
Lost   ,JAZZLTD.pdf,216,216
Lost Love  ,JAZZLTD.pdf,217,217
Louise   ,JAZZLTD.pdf,218,218
Love Dance  ,JAZZLTD.pdf,219,219
Lyresto   ,JAZZLTD.pdf,220,220
Lunarcy   ,JAZZLTD.pdf,221,221
Lydian Dream   ,JAZZLTD.pdf,222,222
Macpherson Struts  Again ,JAZZLTD.pdf,223,223
Madison Avenue  ,JAZZLTD.pdf,223,223
Mademoiselle Mabry   ,JAZZLTD.pdf,224,224
Maid In Mexico  ,JAZZLTD.pdf,225,225
Masqularo   ,JAZZLTD.pdf,225,225
Mating Call   ,JAZZLTD.pdf,226,226
Morpo   ,JAZZLTD.pdf,226,226
Maidens Of Cadiz  ,JAZZLTD.pdf,227,227
Mamacita   ,JAZZLTD.pdf,228,228
Man   ,JAZZLTD.pdf,228,228
Marionette   ,JAZZLTD.pdf,229,229
Marmaduke   ,JAZZLTD.pdf,229,229
Margerine   ,JAZZLTD.pdf,230,230
Mary's Blues   ,JAZZLTD.pdf,230,230
Marilia   ,JAZZLTD.pdf,231,232
Minor Strain   ,JAZZLTD.pdf,232,232
Mean Lene  ,JAZZLTD.pdf,233,233
Memo To Maurice ,JAZZLTD.pdf,233,233
Mean To Me ,JAZZLTD.pdf,234,234
Miles Mode  ,JAZZLTD.pdf,234,234
Minha Saudade  ,JAZZLTD.pdf,235,235
Miss Ann (I & 2)   ,JAZZLTD.pdf,236,236
Mohawk   ,JAZZLTD.pdf,237,237
Mr. Kenyata  ,JAZZLTD.pdf,237,237
Mr. Misha And Little Lilly ,JAZZLTD.pdf,238,238
Monking Business   ,JAZZLTD.pdf,239,240
Monks Dream   ,JAZZLTD.pdf,240,240
Morning Dance  ,JAZZLTD.pdf,241,242
Movin' Along  ,JAZZLTD.pdf,242,242
Mood For Maude  ,JAZZLTD.pdf,243,243
Nights At The Turntable  ,JAZZLTD.pdf,243,243
Movin' In Movin'Out ,JAZZLTD.pdf,244,244
Myako   ,JAZZLTD.pdf,244,244
My Ideal  ,JAZZLTD.pdf,245,245
My Mama Don Tol' Me ,JAZZLTD.pdf,245,245
Mystique   ,JAZZLTD.pdf,246,246
Myth   ,JAZZLTD.pdf,246,246
Night Train  ,JAZZLTD.pdf,247,247
Nancy With The Laughing Face   ,JAZZLTD.pdf,248,248
Nature Boy  ,JAZZLTD.pdf,248,248
New Bag Blues  ,JAZZLTD.pdf,249,249
Newcomer   ,JAZZLTD.pdf,250,250
Nica's Tempo  ,JAZZLTD.pdf,251,252
No Ties  ,JAZZLTD.pdf,252,252
November Afternoon   ,JAZZLTD.pdf,253,253
November 68th   ,JAZZLTD.pdf,254,254
Nuages   ,JAZZLTD.pdf,255,255
Number  4    ,JAZZLTD.pdf,256,256
Obsequious   ,JAZZLTD.pdf,256,256
One For My Baby ,JAZZLTD.pdf,257,258
Oh You Crazy Moon  ,JAZZLTD.pdf,258,258
Oh No  ,JAZZLTD.pdf,259,259
Once  Upon A Summertime ,JAZZLTD.pdf,260,260
One With One ,JAZZLTD.pdf,261,261
On The Quee-Tee ,JAZZLTD.pdf,262,262
Oppornockity Tunes But Once   ,JAZZLTD.pdf,262,262
Opus 3 (Charles Mingus)  ,JAZZLTD.pdf,263,263
Opus 4 (Charles Mingus)  ,JAZZLTD.pdf,264,264
Orange Was The Color Of Her Dress   ,JAZZLTD.pdf,265,265
Then Silk Blue   ,JAZZLTD.pdf,265,265
Orbit   ,JAZZLTD.pdf,266,266
Organ Grinder   ,JAZZLTD.pdf,267,267
Original  Untitled Ballad ,JAZZLTD.pdf,267,267
Out   ,JAZZLTD.pdf,268,268
Out Back  ,JAZZLTD.pdf,268,268
Out Of The Night ,JAZZLTD.pdf,268,268
Outlaw (The)   ,JAZZLTD.pdf,269,269
Our Man Higgins Man ,JAZZLTD.pdf,270,270
Out There  ,JAZZLTD.pdf,270,270
Pamela's Passion   ,JAZZLTD.pdf,271,271
Philly Mignon  ,JAZZLTD.pdf,271,271
Pats New Samba   ,JAZZLTD.pdf,272,272
Prince  Of Darkness ,JAZZLTD.pdf,272,272
Parisian Thoroughfare   ,JAZZLTD.pdf,273,273
Pat 'N' Chat  ,JAZZLTD.pdf,274,274
Parker 51   ,JAZZLTD.pdf,275,275
Peaches 'N Cream  ,JAZZLTD.pdf,276,276
Pedro's Time  ,JAZZLTD.pdf,276,276
Pass It On  ,JAZZLTD.pdf,277,277
Pawnee Junction   ,JAZZLTD.pdf,277,277
Peresina   ,JAZZLTD.pdf,278,278
Peg   ,JAZZLTD.pdf,279,279
Picture Of Health  ,JAZZLTD.pdf,280,280
Played Twice  ,JAZZLTD.pdf,280,280
Ping Pong   ,JAZZLTD.pdf,281,281
Playground   ,JAZZLTD.pdf,282,282
Plight   ,JAZZLTD.pdf,283,283
Port Rico Rock   ,JAZZLTD.pdf,284,284
Prince  Albert ,JAZZLTD.pdf,285,285
Pyramid   ,JAZZLTD.pdf,286,286
Quartet No. 2 Part 2   ,JAZZLTD.pdf,287,287
Quiet Fire  ,JAZZLTD.pdf,288,288
Quintile   ,JAZZLTD.pdf,289,289
Quick Step  ,JAZZLTD.pdf,290,290
Receipt Please   ,JAZZLTD.pdf,290,290
Ready Rudy  ,JAZZLTD.pdf,291,291
Rebel Without A Cause  ,JAZZLTD.pdf,291,291
Rainbow Seeker   ,JAZZLTD.pdf,292,292
Reflections   ,JAZZLTD.pdf,293,293
Reincarnation Blues   ,JAZZLTD.pdf,293,293
Remember Rockefeller At Attica ,JAZZLTD.pdf,294,294
R.F.K.   ,JAZZLTD.pdf,295,295
Resonant Emotions   ,JAZZLTD.pdf,295,295
Retsim B   ,JAZZLTD.pdf,296,296
Richards Tune   ,JAZZLTD.pdf,296,296
Reverie   ,JAZZLTD.pdf,297,297
Rio   ,JAZZLTD.pdf,298,298
Riot   ,JAZZLTD.pdf,298,298
Rapuzel   ,JAZZLTD.pdf,299,299
Deltitnu   ,JAZZLTD.pdf,300,300
R.J.   ,JAZZLTD.pdf,300,300
Rocker   ,JAZZLTD.pdf,301,302
Rotation   ,JAZZLTD.pdf,302,302
Rouge   ,JAZZLTD.pdf,303,303
Route 4  ,JAZZLTD.pdf,303,303
Rhythm-A-Ning   ,JAZZLTD.pdf,304,304
Ruby My Dear  ,JAZZLTD.pdf,304,304
Sabra   ,JAZZLTD.pdf,305,305
Sack 0' Woe   ,JAZZLTD.pdf,305,305
Sad Eyes   ,JAZZLTD.pdf,306,306
Sadiga   ,JAZZLTD.pdf,306,306
Safari   ,JAZZLTD.pdf,307,308
Salute To The Bandbox   ,JAZZLTD.pdf,308,308
Sans Souci  ,JAZZLTD.pdf,309,309
Saint Thomas  ,JAZZLTD.pdf,310,310
Schizophrenia   ,JAZZLTD.pdf,311,311
Scotch And   Water,JAZZLTD.pdf,312,312
Scourn'   ,JAZZLTD.pdf,312,312
Seeds Of Sin   ,JAZZLTD.pdf,313,313
Stardust   ,JAZZLTD.pdf,314,314
Serenata   ,JAZZLTD.pdf,315,315
Send One Your Love  ,JAZZLTD.pdf,316,316
Stockholm Sweetnin  ,JAZZLTD.pdf,316,316
Shaky Jake  ,JAZZLTD.pdf,317,317
Syn-Anthesia   ,JAZZLTD.pdf,317,317
Shirley   ,JAZZLTD.pdf,318,318
Short Count  ,JAZZLTD.pdf,318,318
SOS   ,JAZZLTD.pdf,319,319
Short Politician  ,JAZZLTD.pdf,319,319
Sid's Ahead  ,JAZZLTD.pdf,319,319
Seventh Avenue   ,JAZZLTD.pdf,320,320
Somewhere Before  ,JAZZLTD.pdf,320,320
Sixth Sense  ,JAZZLTD.pdf,321,321
Straight Up And Down (Dolphy),JAZZLTD.pdf,321,321
Skippy   ,JAZZLTD.pdf,322,322
Sky Dive   ,JAZZLTD.pdf,323,323
S Matter   ,JAZZLTD.pdf,324,324
Sno Peas   ,JAZZLTD.pdf,324,324
So Dolt  ,JAZZLTD.pdf,325,325
Something Different  ,JAZZLTD.pdf,325,325
So Near So Far  ,JAZZLTD.pdf,326,326
Soothsayer (The)  ,JAZZLTD.pdf,327,328
Sunday Kind Of Love  (A),JAZZLTD.pdf,329,329
Sorcerer (The)  ,JAZZLTD.pdf,330,330
Soul Surge  ,JAZZLTD.pdf,330,330
Sound Down  ,JAZZLTD.pdf,331,331
Sound Track  ,JAZZLTD.pdf,331,331
South Street Exit  ,JAZZLTD.pdf,332,332
Sporty   ,JAZZLTD.pdf,332,332
Sing No Blues  ,JAZZLTD.pdf,333,333
Song Is You (The),JAZZLTD.pdf,334,334
Stepping Stone   ,JAZZLTD.pdf,335,335
Stopstart   ,JAZZLTD.pdf,336,336
Straight Ahead  ,JAZZLTD.pdf,337,337
Straight Street  ,JAZZLTD.pdf,338,338
Straight Up And Down (Corea),JAZZLTD.pdf,339,339
Stairway To The Stars  ,JAZZLTD.pdf,340,340
Summer Night  ,JAZZLTD.pdf,341,341
Sues Changes   ,JAZZLTD.pdf,342,342
Sunshower   ,JAZZLTD.pdf,343,343
Suspended Sentence   ,JAZZLTD.pdf,344,344
Sweet Pea  ,JAZZLTD.pdf,344,344
Sweet Basil  ,JAZZLTD.pdf,345,345
720 In The Books ,JAZZLTD.pdf,346,346
Tame Thy  Pen,JAZZLTD.pdf,347,347
Tank Toon  ,JAZZLTD.pdf,348,348
Timewisely   ,JAZZLTD.pdf,348,348
Take it To The  Ozone,JAZZLTD.pdf,349,349
Teeter Totter  ,JAZZLTD.pdf,349,349
Terry's Chance  ,JAZZLTD.pdf,350,350
Teru   ,JAZZLTD.pdf,350,350
That Artt He's All Heart  ,JAZZLTD.pdf,351,351
That's Earl Brother  ,JAZZLTD.pdf,352,352
That's Right  ,JAZZLTD.pdf,352,352
That Girl  ,JAZZLTD.pdf,353,353
Theme For Kareem  ,JAZZLTD.pdf,354,354
Twelve More Bars To Go  ,JAZZLTD.pdf,354,354
Theme Of No Repeat  ,JAZZLTD.pdf,355,355
Think Of One ,JAZZLTD.pdf,356,356
Third Floor Richard ,JAZZLTD.pdf,356,356
This Is New ,JAZZLTD.pdf,357,357
This Is The Thing,JAZZLTD.pdf,358,358
This Lovely Feeling ,JAZZLTD.pdf,358,358
317 E. 32nd St   ,JAZZLTD.pdf,359,359
This Masquerade  ,JAZZLTD.pdf,360,360
Thumb The)  ,JAZZLTD.pdf,361,361
Thursdays Theme   ,JAZZLTD.pdf,361,361
Tidal Breeze  ,JAZZLTD.pdf,362,362
Tiny's Blues   ,JAZZLTD.pdf,363,363
Tomato  Kiss ,JAZZLTD.pdf,363,363
Tom Thumb   ,JAZZLTD.pdf,364,364
Tootsie Roll   ,JAZZLTD.pdf,364,364
Too High  ,JAZZLTD.pdf,365,365
Toshiko's Elegy   ,JAZZLTD.pdf,366,366
Totem Pole  ,JAZZLTD.pdf,367,367
Tour De Force   ,JAZZLTD.pdf,368,368
Travelin' West   ,JAZZLTD.pdf,368,368
Tis Autumn   ,JAZZLTD.pdf,369,369
Trinkle Tinkle   ,JAZZLTD.pdf,369,369
Turbo   ,JAZZLTD.pdf,369,369
Triple Play   ,JAZZLTD.pdf,370,370
Two Bass Hit   ,JAZZLTD.pdf,371,371
Undercurrent   ,JAZZLTD.pdf,372,372
Unit 7   ,JAZZLTD.pdf,372,372
Valdez In The Country  ,JAZZLTD.pdf,373,373
Valse Trists  ,JAZZLTD.pdf,374,374
Variations On The Scene  ,JAZZLTD.pdf,374,374
Venus De Milo  ,JAZZLTD.pdf,375,375
Vicky's Dream  ,JAZZLTD.pdf,376,376
Visit (The)   ,JAZZLTD.pdf,377,377
Viscosity   ,JAZZLTD.pdf,378,378
Vonetta (Earl Klugh)   ,JAZZLTD.pdf,379,379
Water Babies  ,JAZZLTD.pdf,380,380
Way To Go  ,JAZZLTD.pdf,380,380
Wee   ,JAZZLTD.pdf,381,381
Wait Till Forever  ,JAZZLTD.pdf,382,382
Whatever Possessed Me ,JAZZLTD.pdf,382,382
When You Meet Here  ,JAZZLTD.pdf,383,383
Wee-Dot   ,JAZZLTD.pdf,384,384
While We're Young ,JAZZLTD.pdf,384,384
Where You  ,JAZZLTD.pdf,385,385
Who Cares?  ,JAZZLTD.pdf,386,386
Why (Wilder)  ,JAZZLTD.pdf,387,387
Why (Lewis)  ,JAZZLTD.pdf,388,388
Willie Nillie  ,JAZZLTD.pdf,389,389
Wise One  ,JAZZLTD.pdf,389,389
Wonder  Why ,JAZZLTD.pdf,390,390
Work   ,JAZZLTD.pdf,390,390
Xlento   ,JAZZLTD.pdf,391,391
Yeah   ,JAZZLTD.pdf,391,391
Yearnin   ,JAZZLTD.pdf,392,392
You    ,JAZZLTD.pdf,392,392
You Can't  Go Home Again ,JAZZLTD.pdf,393,393
Young And Fine  ,JAZZLTD.pdf,393,394
Yellow Fields  ,JAZZLTD.pdf,395,395
Yama   ,JAZZLTD.pdf,396,396
You're My Thrill  ,JAZZLTD.pdf,396,396
Young One For Debra  ,JAZZLTD.pdf,397,398
Zaybar    ,JAZZLTD.pdf,398,398
Yes Or No  ,JAZZLTD.pdf,399,399
Zoom    ,JAZZLTD.pdf,400,400
