Affirmation,nrealbk1d.pdf,1,1
Airegin,nrealbk1d.pdf,2,2
All Of Me,nrealbk1d.pdf,3,3
All The Things You Are,nrealbk1d.pdf,4,4
Always There,nrealbk1d.pdf,5,6
Anamaria,nrealbk1d.pdf,7,8
Angel Eyes,nrealbk1d.pdf,9,10
Anthropology,nrealbk1d.pdf,11,11
Autumn Leaves,nrealbk1d.pdf,12,12
Baby I Love You,nrealbk1d.pdf,13,14
Basin Street Blues,nrealbk1d.pdf,15,15
Beautiful Love,nrealbk1d.pdf,16,16
Bernie's Tune,nrealbk1d.pdf,17,17
Bird Food,nrealbk1d.pdf,18,18
Black Ice,nrealbk1d.pdf,19,20
Black Narcissus,nrealbk1d.pdf,21,21
Blame It On My Youth,nrealbk1d.pdf,22,22
Blizzard Of Lies,nrealbk1d.pdf,23,24
Blue Bossa,nrealbk1d.pdf,25,25
Blue Daniel,nrealbk1d.pdf,26,26
Blues Connotation,nrealbk1d.pdf,27,27
Blues On The Corner,nrealbk1d.pdf,28,28
Boogie Down,nrealbk1d.pdf,29,34
Both Sides Of The Coin,nrealbk1d.pdf,35,36
Bouncin' With Bud,nrealbk1d.pdf,37,38
Breakfast Wine,nrealbk1d.pdf,39,40
Breakin' Away,nrealbk1d.pdf,41,43
But Beautiful,nrealbk1d.pdf,44,44
Chain Of Fools,nrealbk1d.pdf,45,46
Change Of Mind,nrealbk1d.pdf,47,48
Chega De Saudade,nrealbk1d.pdf,49,50
Chelsea Bridge,nrealbk1d.pdf,51,51
Come Sunday,nrealbk1d.pdf,52,52
Compared To What,nrealbk1d.pdf,53,55
Creek,nrealbk1d.pdf,56,56
Crystal,nrealbk1d.pdf,57,58
Cubano Chant,nrealbk1d.pdf,59,60
Darn That Dream,nrealbk1d.pdf,61,61
Dearly Beloved,nrealbk1d.pdf,62,62
Delevans,nrealbk1d.pdf,63,64
Desafinado,nrealbk1d.pdf,65,66
Desire,nrealbk1d.pdf,67,69
Dig,nrealbk1d.pdf,70,70
Dindi,nrealbk1d.pdf,71,73
Don't Go To Strangers,nrealbk1d.pdf,74,74
Doors,nrealbk1d.pdf,75,75
Early Autumn,nrealbk1d.pdf,76,76
Easy,nrealbk1d.pdf,77,78
Eighty One,nrealbk1d.pdf,79,80
Elm,nrealbk1d.pdf,81,82
Endangered Species,nrealbk1d.pdf,83,89
E.S.P.,nrealbk1d.pdf,90,90
Everything Happens To Me,nrealbk1d.pdf,91,92
Fall,nrealbk1d.pdf,93,93
Farmers Market,nrealbk1d.pdf,94,94
Favela,nrealbk1d.pdf,95,95
Feel Like Makin' Love,nrealbk1d.pdf,96,96
Fire,nrealbk1d.pdf,97,97
First Light,nrealbk1d.pdf,98,98
Foolkiller,nrealbk1d.pdf,99,99
Footprints,nrealbk1d.pdf,100,100
Four,nrealbk1d.pdf,101,102
Four Brothers,nrealbk1d.pdf,103,103
Four On Six,nrealbk1d.pdf,104,104
Friends And Strangers,nrealbk1d.pdf,105,107
Funkallero,nrealbk1d.pdf,108,108
Gaviota,nrealbk1d.pdf,109,111
Gee Baby Ain't I Good To You,nrealbk1d.pdf,112,112
Gemini,nrealbk1d.pdf,113,117
Gloria's Step,nrealbk1d.pdf,118,118
Goin' Home,nrealbk1d.pdf,119,123
Gone With The Wind,nrealbk1d.pdf,124,124
The Goodbye Look,nrealbk1d.pdf,125,128
Giaruja,nrealbk1d.pdf,129,130
Hallucinations,nrealbk1d.pdf,131,133
Haunted Ballroom,nrealbk1d.pdf,134,134
Havona,nrealbk1d.pdf,135,137
Here's That Rainy Day,nrealbk1d.pdf,138,138
Hideaway,nrealbk1d.pdf,139,141
I Love Lucy,nrealbk1d.pdf,142,142
I Mean You,nrealbk1d.pdf,143,144
I Should Care,nrealbk1d.pdf,145,145
I Thought About Your,nrealbk1d.pdf,146,146
If I Were A Bell,nrealbk1d.pdf,147,149
If You Never Come To Me,nrealbk1d.pdf,150,150
I'll Take Romance,nrealbk1d.pdf,151,152
I'm All Smiles,nrealbk1d.pdf,153,154
I'm Old Fasihoned,nrealbk1d.pdf,155,155
Imagination,nrealbk1d.pdf,156,157
In Walked Bud,nrealbk1d.pdf,158,158
The Island,nrealbk1d.pdf,159,160
It Happens Every Day,nrealbk1d.pdf,161,163
Jersey Bounce,nrealbk1d.pdf,164,164
Joshua,nrealbk1d.pdf,165,166
Keep That Same Old Feeling,nrealbk1d.pdf,167,169
Killing Me Softly With His Song,nrealbk1d.pdf,170,170
La Samba,nrealbk1d.pdf,171,172
La Vida Feliz,nrealbk1d.pdf,173,176
Lady Bird,nrealbk1d.pdf,177,178
Last First,nrealbk1d.pdf,179,180
Last Train From Overbrook,nrealbk1d.pdf,181,181
Laurie,nrealbk1d.pdf,182,182
Let Me Be The One,nrealbk1d.pdf,183,184
Let's Go Dancin',nrealbk1d.pdf,185,186
Like Someone In Love,nrealbk1d.pdf,187,187
Line For Lyons,nrealbk1d.pdf,188,188
Little Sunflower,nrealbk1d.pdf,189,189
Little Tear (A),nrealbk1d.pdf,190,190
Little Waltz,nrealbk1d.pdf,191,191
Long Ago And Far Away,nrealbk1d.pdf,192,192
Love Came On Stealthy Fingers,nrealbk1d.pdf,193,194
Love Dance,nrealbk1d.pdf,195,196
Lush Life,nrealbk1d.pdf,197,198
Madagascar,nrealbk1d.pdf,199,201
Make Me A Memory (Sade Samba),nrealbk1d.pdf,202,202
Matinee Idol,nrealbk1d.pdf,203,204
Mercy Mercy Mercy,nrealbk1d.pdf,205,206
The Midnight Sun,nrealbk1d.pdf,207,207
The Midnight Sun Will Never Set,nrealbk1d.pdf,208,208
Modadji,nrealbk1d.pdf,209,211
Monk's Mood,nrealbk1d.pdf,212,212
Monkey's Uncle,nrealbk1d.pdf,213,217
Moonlight In Vermont,nrealbk1d.pdf,218,218
Mornin',nrealbk1d.pdf,219,220
Morning Dance,nrealbk1d.pdf,221,222
Mr. Clean,nrealbk1d.pdf,223,224
Mr. Gone,nrealbk1d.pdf,225,226
My Attorney Bernie,nrealbk1d.pdf,227,228
My Romance,nrealbk1d.pdf,229,229
My Shining Hour,nrealbk1d.pdf,230,230
Nature Boy,nrealbk1d.pdf,231,231
Nefertiti,nrealbk1d.pdf,232,232
Never Givin' Up,nrealbk1d.pdf,233,236
Never Make Your Move Too Soon,nrealbk1d.pdf,237,238
Nigerian Marketplace,nrealbk1d.pdf,239,239
Night Lake,nrealbk1d.pdf,240,240
No Me Esqueca,nrealbk1d.pdf,241,242
Not Ethiopia,nrealbk1d.pdf,243,244
Nothing Personal,nrealbk1d.pdf,245,246
Off Minor,nrealbk1d.pdf,247,248
Oleo,nrealbk1d.pdf,249,249
Once I Loved,nrealbk1d.pdf,250,250
One Family,nrealbk1d.pdf,251,252
One For My Baby(And One More For The Road),nrealbk1d.pdf,253,254
Out Of This World,nrealbk1d.pdf,255,256
Oz,nrealbk1d.pdf,257,258
Papa Lips,nrealbk1d.pdf,259,260
Partido Alto,nrealbk1d.pdf,261,264
Pent Up House,nrealbk1d.pdf,265,266
Plaza Real,nrealbk1d.pdf,267,272
Polkadots And Moonbeams,nrealbk1d.pdf,273,274
Portrait Of Tracy,nrealbk1d.pdf,275,276
Promenade,nrealbk1d.pdf,277,278
Put It Where You Want It,nrealbk1d.pdf,279,280
P.Y.T.(Pretty Young Thing),nrealbk1d.pdf,281,282
Quintessence,nrealbk1d.pdf,283,283
Rapture,nrealbk1d.pdf,284,285
Re: Person I Knew,nrealbk1d.pdf,286,286
Reincarna11on Of A Lovebird,nrealbk1d.pdf,287,289
Remember Rockefeller At Attica,nrealbk1d.pdf,290,290
Rio,nrealbk1d.pdf,291,293
River People,nrealbk1d.pdf,294,296
Robbin's Nest,nrealbk1d.pdf,297,298
Ruby My Dear,nrealbk1d.pdf,299,300
Rush Hour,nrealbk1d.pdf,301,302
Safari,nrealbk1d.pdf,303,306
Sandu,nrealbk1d.pdf,307,307
Satin Doll,nrealbk1d.pdf,308,308
Save Your Love For Me,nrealbk1d.pdf,309,311
Search For Peace,nrealbk1d.pdf,312,312
Self Portrait In Three Colors,nrealbk1d.pdf,313,314
Shaker Song,nrealbk1d.pdf,315,316
Shaw 'Nuff,nrealbk1d.pdf,317,318
Simple Samba,nrealbk1d.pdf,319,320
Skylark,nrealbk1d.pdf,321,321
Sleepin' Bee,nrealbk1d.pdf,322,322
Small Day Tomorrow,nrealbk1d.pdf,323,324
Solar,nrealbk1d.pdf,325,325
Someday My Prince Will Come,nrealbk1d.pdf,326,326
Song For Lorraine,nrealbk1d.pdf,327,328
The Song Is You,nrealbk1d.pdf,329,330
Sonja's Sanfona,nrealbk1d.pdf,331,334
Soul Sauce (Wachi Wara),nrealbk1d.pdf,335,335
Speak No Evil,nrealbk1d.pdf,336,336
Spiral,nrealbk1d.pdf,337,339
St. Thomas,nrealbk1d.pdf,340,340
Sticky Wicket,nrealbk1d.pdf,341,344
Street Life,nrealbk1d.pdf,345,347
Sudden Samba,nrealbk1d.pdf,348,348
Sunrunner,nrealbk1d.pdf,349,350
Take The A Train,nrealbk1d.pdf,351,352
Tenderly,nrealbk1d.pdf,353,353
Theme For Ernie,nrealbk1d.pdf,354,354
There Will Never Be Another You,nrealbk1d.pdf,355,355
This Masquerade,nrealbk1d.pdf,356,356
The Three Marias,nrealbk1d.pdf,357,364
Three Views Of A Secret,nrealbk1d.pdf,365,366
Time Remembers One Time Once,nrealbk1d.pdf,367,367
Triste,nrealbk1d.pdf,368,369
Tune Up,nrealbk1d.pdf,370,370
Turn Your Love Around,nrealbk1d.pdf,371,372
Twisted,nrealbk1d.pdf,373,374
Unit Seven,nrealbk1d.pdf,375,377
Up Jumped Spring,nrealbk1d.pdf,378,378
Up With The Lark,nrealbk1d.pdf,379,380
Velas (Velas Icadas),nrealbk1d.pdf,381,382
Very Early,nrealbk1d.pdf,383,383
Voyage,nrealbk1d.pdf,384,384
Waltz For Debby,nrealbk1d.pdf,385,386
Waltz New,nrealbk1d.pdf,387,387
Watch What Happens,nrealbk1d.pdf,388,388
Waterwings,nrealbk1d.pdf,389,390
Wave,nrealbk1d.pdf,391,392
The Way You Look Tonight,nrealbk1d.pdf,393,395
Weaver Of Dreams(A),nrealbk1d.pdf,396,396
We'll Be Together Again,nrealbk1d.pdf,397,397
Well You Needn't,nrealbk1d.pdf,398,398
West Coast Blues,nrealbk1d.pdf,399,399
What's New?,nrealbk1d.pdf,400,400
Where Is Love?,nrealbk1d.pdf,401,401
Who Can I Turn To?,nrealbk1d.pdf,402,402
Wildflower,nrealbk1d.pdf,403,403
Willow Weep For Me,nrealbk1d.pdf,404,404
Witchcraft,nrealbk1d.pdf,405,405
Yes And No,nrealbk1d.pdf,406,406
Yesterdays,nrealbk1d.pdf,407,407
Young Rabbits,nrealbk1d.pdf,408,408
Your Mind Is On Vacation,nrealbk1d.pdf,409,425
All Or Nothing At All,nrealbk1d.pdf,426,427
Do Nothing 'Til You Hear From Me,nrealbk1d.pdf,428,428
Don't Get Around Much Anymore,nrealbk1d.pdf,429,429
Good Morning Heartache,nrealbk1d.pdf,430,430
Misty,nrealbk1d.pdf,431,431
Speak Low,nrealbk1d.pdf,432,433
Stormy Weather,nrealbk1d.pdf,434,435
