Song Title,File,Page Start,Page End,Key,Composer,Song with Key
Ac-cent-tshu-ate The Positive,HalLeonardRealBook-Bb-v3.pdf,10,10,Bb,Harold Arlen/Johnny Mercer,Ac-cent-tshu-ate The Positive (Bb)
After You,HalLeonardRealBook-Bb-v3.pdf,11,11,Bb,Mike Stern,After You (Bb)
After You've Gone,HalLeonardRealBook-Bb-v3.pdf,12,12,Bb,Turner Layton/Henry Creamer,After You've Gone (Bb)
Ain't Misbehavin,HalLeonardRealBook-Bb-v3.pdf,13,13,Bb,Thomas “Fats” Waller/Harry Brooks/Andy Razaf,Ain't Misbehavin (Bb)
Ain't That A Kick In The Head,HalLeonardRealBook-Bb-v3.pdf,14,14,Bb,James Van Heusen/Sammy Cahn,Ain't That A Kick In The Head (Bb)
Aisha,HalLeonardRealBook-Bb-v3.pdf,15,15,Bb,McCoy Tyner,Aisha (Bb)
All My Tomorrows,HalLeonardRealBook-Bb-v3.pdf,16,16,Bb,James Van Heusen/Sammy Cahn,All My Tomorrows (Bb)
All The Way,HalLeonardRealBook-Bb-v3.pdf,17,17,Bb,James Van Heusen/Sammy Cahn,All The Way (Bb)
All Or Nothing At All,HalLeonardRealBook-Bb-v3.pdf,18,19,Bb,Arthur Altman/Jack Lawrence,All Or Nothing At All (Bb)
Allanjunaeally,HalLeonardRealBook-Bb-v3.pdf,20,20,Bb,Kenny Werner,Allanjunaeally (Bb)
Alone Too Long,HalLeonardRealBook-Bb-v3.pdf,21,21,Bb,Arthur Schwartz/Dorothy Fields,Alone Too Long (Bb)
Along Came Betty,HalLeonardRealBook-Bb-v3.pdf,22,22,Bb,Benny Golson,Along Came Betty (Bb)
Always And Forever,HalLeonardRealBook-Bb-v3.pdf,23,23,Bb,Pat Metheny,Always And Forever (Bb)
Among My Souvenirs,HalLeonardRealBook-Bb-v3.pdf,24,24,Bb,Horatio Nichols/Edgar Leslie,Among My Souvenirs (Bb)
A Quellos Ojos Verdes (Green Eyes),HalLeonardRealBook-Bb-v3.pdf,25,25,Bb,Nilo Menendez/Adolfo Utrera/E. Rivera/E Woods,A Quellos Ojos Verdes (Green Eyes) (Bb)
Amor,HalLeonardRealBook-Bb-v3.pdf,26,27,Bb,Gabriel Ruiz/Ricardo Lopez Mendez/Norman Newell,Amor (Bb)
Antigua,HalLeonardRealBook-Bb-v3.pdf,28,29,Bb,Antonio Carlos Jobim,Antigua (Bb)
Aren't You Glad You're You,HalLeonardRealBook-Bb-v3.pdf,30,30,Bb,Jimmy Van Heusen/Johnny Burke,Aren't You Glad You're You (Bb)
As Long As I Live,HalLeonardRealBook-Bb-v3.pdf,31,31,Bb,Harold Arlen/Ted Koehler,As Long As I Live (Bb)
At Long Last Love,HalLeonardRealBook-Bb-v3.pdf,32,32,Bb,Cole Porter,At Long Last Love (Bb)
At Sundown,HalLeonardRealBook-Bb-v3.pdf,33,33,Bb,Walter Donaldson,At Sundown (Bb)
Autumn In 3,HalLeonardRealBook-Bb-v3.pdf,34,34,Bb,Kenny Werner,Autumn In 3 (Bb)
Baia (Bahia),HalLeonardRealBook-Bb-v3.pdf,35,35,Bb,Ary Barroso/Ray Gilbert,Baia (Bahia) (Bb)
Ballad For Trane,HalLeonardRealBook-Bb-v3.pdf,36,36,Bb,Kenny Werner,Ballad For Trane (Bb)
Bark For Barksdale,HalLeonardRealBook-Bb-v3.pdf,37,37,Bb,Gerry Mulligan,Bark For Barksdale (Bb)
Be Careful It's My Heart,HalLeonardRealBook-Bb-v3.pdf,38,38,Bb,Irving Berlin,Be Careful It's My Heart (Bb)
Bernie's Tune,HalLeonardRealBook-Bb-v3.pdf,39,39,Bb,Bernie Miller,Bernie's Tune (Bb)
Bein' Green,HalLeonardRealBook-Bb-v3.pdf,40,41,Bb,Joe Raposo,Bein' Green (Bb)
Besame Mucho,HalLeonardRealBook-Bb-v3.pdf,42,43,Bb,Consuelo Velazquez/Sunny Skylar,Besame Mucho (Bb)
Best Thing For You Is Me,HalLeonardRealBook-Bb-v3.pdf,44,44,Bb,Irving Berlin,Best Thing For You Is Me (Bb)
Best Things In Life Are Free (The),HalLeonardRealBook-Bb-v3.pdf,45,45,Bb,B. G. DeSylva/Lew Brown/Ray Henderson,Best Things In Life Are Free (The) (Bb)
Between The Devil And The Deep Blue Sea,HalLeonardRealBook-Bb-v3.pdf,46,46,Bb,Harold Arlen/Ted Koehler,Between The Devil And The Deep Blue Sea (Bb)
Beyond The Blue Horizon,HalLeonardRealBook-Bb-v3.pdf,47,47,Bb,Richard A. Whiting/W. Franke Harling/Leo Robin,Beyond The Blue Horizon (Bb)
Bijou,HalLeonardRealBook-Bb-v3.pdf,48,48,Bb,Ralph Burns,Bijou (Bb)
Bitches Brew,HalLeonardRealBook-Bb-v3.pdf,49,49,Bb,Miles Davis,Bitches Brew (Bb)
Blackberry Winter,HalLeonardRealBook-Bb-v3.pdf,50,50,Bb,Alec Wilder/Loonis McGlohon,Blackberry Winter (Bb)
Blessing (The),HalLeonardRealBook-Bb-v3.pdf,51,51,Bb,Ornette Coleman,Blessing (The) (Bb)
Blossom Fell (A),HalLeonardRealBook-Bb-v3.pdf,52,52,Bb,Howard Banes/Harold Cornelius/Dominic John,Blossom Fell (A) (Bb)
Bluebird,HalLeonardRealBook-Bb-v3.pdf,53,53,Bb,Charlie Parker,Bluebird (Bb)
Blue Champagne,HalLeonardRealBook-Bb-v3.pdf,54,54,Bb,Grady Watts/Frank Ryerson/Jimmy Eaton,Blue Champagne (Bb)
Blue Prelude,HalLeonardRealBook-Bb-v3.pdf,55,55,Bb,Joe Bishop/Gordon Jenkins,Blue Prelude (Bb)
Bolivia,HalLeonardRealBook-Bb-v3.pdf,56,56,Bb,Cedar Walton,Bolivia (Bb)
Born To Be Blue,HalLeonardRealBook-Bb-v3.pdf,57,57,Bb,Robert Wells/Mel Torme,Born To Be Blue (Bb)
Bossa Antigua,HalLeonardRealBook-Bb-v3.pdf,58,58,Bb,Paul Desmond,Bossa Antigua (Bb)
Breeze And I (The),HalLeonardRealBook-Bb-v3.pdf,59,59,Bb,Ernesto Lechona/Al Stillman,Breeze And I (The) (Bb)
Brazil,HalLeonardRealBook-Bb-v3.pdf,60,61,Bb,Ary Barroso/S. K. Russell,Brazil (Bb)
Breakin' Away,HalLeonardRealBook-Bb-v3.pdf,62,63,Bb,Al Jarreau/Jay Gordon/Tom Canning,Breakin' Away (Bb)
Bud Powell,HalLeonardRealBook-Bb-v3.pdf,64,65,Bb,Chick Corea/Neville Potter,Bud Powell (Bb)
Buzzy,HalLeonardRealBook-Bb-v3.pdf,66,66,Bb,Charlie Parker,Buzzy (Bb)
By Myself,HalLeonardRealBook-Bb-v3.pdf,67,67,Bb,Arthur Schwartz/Howard Dietz,By Myself (Bb)
Bye Bye Baby,HalLeonardRealBook-Bb-v3.pdf,68,68,Bb,Jule Styne/Leo Robin,Bye Bye Baby (Bb)
Careful,HalLeonardRealBook-Bb-v3.pdf,69,69,Bb,James S. Hall,Careful (Bb)
Caldonia,HalLeonardRealBook-Bb-v3.pdf,70,71,Bb,Fleecie Moore,Caldonia (Bb)
Cariba,HalLeonardRealBook-Bb-v3.pdf,72,72,Bb,Wes Montgomery,Cariba (Bb)
Celia,HalLeonardRealBook-Bb-v3.pdf,73,73,Bb,Earl “Bud” Powell,Celia (Bb)
Change Partners,HalLeonardRealBook-Bb-v3.pdf,74,74,Bb,Irving Berlin,Change Partners (Bb)
Cheetah,HalLeonardRealBook-Bb-v3.pdf,75,75,Bb,Kenny Burrell,Cheetah (Bb)
Cheek To Cheek,HalLeonardRealBook-Bb-v3.pdf,76,77,Bb,Irving Berlin,Cheek To Cheek (Bb)
Cheryl,HalLeonardRealBook-Bb-v3.pdf,78,78,Bb,Charlie Parker,Cheryl (Bb)
Chicago (That Toddlin’ Town),HalLeonardRealBook-Bb-v3.pdf,79,79,Bb,Fred Fisher,Chicago (That Toddlin’ Town) (Bb)
Come Fly With Me,HalLeonardRealBook-Bb-v3.pdf,80,81,Bb,James Van Heusen/Sammy Cahn,Come Fly With Me (Bb)
Continuum,HalLeonardRealBook-Bb-v3.pdf,82,82,Bb,Jaco Pastorius,Continuum (Bb)
Copenhagen,HalLeonardRealBook-Bb-v3.pdf,83,83,Bb,Charles Davis/Walter Melrose,Copenhagen (Bb)
Cottage For Sale (A),HalLeonardRealBook-Bb-v3.pdf,84,84,Bb,Willard Robinson/Larry Conley,Cottage For Sale (A) (Bb)
Crazy He Calls Me,HalLeonardRealBook-Bb-v3.pdf,85,85,Bb,Bob Russell/Carl Sigman,Crazy He Calls Me (Bb)
Crazy,HalLeonardRealBook-Bb-v3.pdf,86,87,Bb,Willie Nelson,Crazy (Bb)
Creole Love Call (The),HalLeonardRealBook-Bb-v3.pdf,88,88,Bb,Duke Ellington,Creole Love Call (The) (Bb)
Cry Me A River,HalLeonardRealBook-Bb-v3.pdf,89,89,Bb,Arthur Hamilton,Cry Me A River (Bb)
Dark Eyes,HalLeonardRealBook-Bb-v3.pdf,90,90,Bb,,Dark Eyes (Bb)
Day Dream,HalLeonardRealBook-Bb-v3.pdf,91,91,Bb,Duke Ellington/Billy Strayhorn/John LaTouche,Day Dream (Bb)
Deed I Do,HalLeonardRealBook-Bb-v3.pdf,92,92,Bb,Walter Hirsch/Fred Rose,Deed I Do (Bb)
Dig,HalLeonardRealBook-Bb-v3.pdf,93,93,Bb,Miles Davis,Dig (Bb)
Diminushing,HalLeonardRealBook-Bb-v3.pdf,94,94,Bb,Django Reinhardt,Diminushing (Bb)
Don't Ever Go Away,HalLeonardRealBook-Bb-v3.pdf,95,95,Bb,Antonio Carlos Jobim/Ray Gilbert/Dolores Duran,Don't Ever Go Away (Bb)
Don't Know Why,HalLeonardRealBook-Bb-v3.pdf,96,96,Bb,Jesse Harris,Don't Know Why (Bb)
Don't Take Your Love From Me,HalLeonardRealBook-Bb-v3.pdf,97,97,Bb,Henry Nemo,Don't Take Your Love From Me (Bb)
Don't Worry 'Bout Me,HalLeonardRealBook-Bb-v3.pdf,98,98,Bb,Rube Bloom/Ted Koehler,Don't Worry 'Bout Me (Bb)
Dream Dancing,HalLeonardRealBook-Bb-v3.pdf,99,99,Bb,Cole Porter,Dream Dancing (Bb)
Dreamer's Holiday (A),HalLeonardRealBook-Bb-v3.pdf,100,100,Bb,Mabel Wayne/Kim Gannon,Dreamer's Holiday (A) (Bb)
Dreamy,HalLeonardRealBook-Bb-v3.pdf,101,101,Bb,Erroll Garner/Sydney Shaw,Dreamy (Bb)
Drop Me Off In Harlem,HalLeonardRealBook-Bb-v3.pdf,102,102,Bb,Duke Ellington/Nick Kenny,Drop Me Off In Harlem (Bb)
Early Morning Mood,HalLeonardRealBook-Bb-v3.pdf,103,103,Bb,Chet Baker,Early Morning Mood (Bb)
East Of The Sun (and West of the Moon),HalLeonardRealBook-Bb-v3.pdf,104,104,Bb,Brooks Bowman,East Of The Sun (and West of the Moon) (Bb)
East St. Louis Toodle-oo,HalLeonardRealBook-Bb-v3.pdf,105,105,Bb,Duke Ellington/Bub Miley,East St. Louis Toodle-oo (Bb)
East To Wes,HalLeonardRealBook-Bb-v3.pdf,106,107,Bb,Emily Remler,East To Wes (Bb)
Easy Street,HalLeonardRealBook-Bb-v3.pdf,108,108,Bb,Alan Rankin Jones,Easy Street (Bb)
Elogie,HalLeonardRealBook-Bb-v3.pdf,109,109,Bb,Earl “Bud” Powell,Elogie (Bb)
Eleven Four,HalLeonardRealBook-Bb-v3.pdf,110,111,Bb,Paul Desmond,Eleven Four (Bb)
End Of A Love Affair (The),HalLeonardRealBook-Bb-v3.pdf,112,112,Bb,Edward C. Redding,End Of A Love Affair (The) (Bb)
Ev'ry Time We Say Good Bye,HalLeonardRealBook-Bb-v3.pdf,113,113,Bb,Cole Porter,Ev'ry Time We Say Good Bye (Bb)
Everything Happens To Me,HalLeonardRealBook-Bb-v3.pdf,114,114,Bb,Matt Dennis/Tom Adair,Everything Happens To Me (Bb)
Everything I Love,HalLeonardRealBook-Bb-v3.pdf,115,115,Bb,Cole Porter,Everything I Love (Bb)
Exactly Like You,HalLeonardRealBook-Bb-v3.pdf,116,116,Bb,Jimmy McHugh/Dorothy Fields,Exactly Like You (Bb)
Face I Love (The),HalLeonardRealBook-Bb-v3.pdf,117,117,Bb,Ray Gilbert/Marcos Valle/Paullo Valle/G. Pingarilno,Face I Love (The) (Bb)
Falling In Love Again (Can’t Help It),HalLeonardRealBook-Bb-v3.pdf,118,118,Bb,Frederick Hollander/Sammy Lerner,Falling In Love Again (Can’t Help It) (Bb)
Feel Like Makin' Love,HalLeonardRealBook-Bb-v3.pdf,119,119,Bb,Eugene McDaniels,Feel Like Makin' Love (Bb)
Fields Of Gold,HalLeonardRealBook-Bb-v3.pdf,120,120,Bb,Sting,Fields Of Gold (Bb)
For Every Man There's A Woman,HalLeonardRealBook-Bb-v3.pdf,121,121,Bb,Harold Arlen/Leo Robin,For Every Man There's A Woman (Bb)
Fine And Mellow,HalLeonardRealBook-Bb-v3.pdf,122,123,Bb,Billie Holiday,Fine And Mellow (Bb)
Freckle Face,HalLeonardRealBook-Bb-v3.pdf,124,124,Bb,Sammy Nestico,Freckle Face (Bb)
Full Moon and Empty Arms,HalLeonardRealBook-Bb-v3.pdf,125,125,Bb,Buddy Kaye/Ted Mossman,Full Moon and Empty Arms (Bb)
From This Moment On,HalLeonardRealBook-Bb-v3.pdf,126,127,Bb,Cole Porter,From This Moment On (Bb)
Funkallero,HalLeonardRealBook-Bb-v3.pdf,128,128,Bb,Bill Evans,Funkallero (Bb)
Get Happy,HalLeonardRealBook-Bb-v3.pdf,129,129,Bb,Harold Arlen/Ted Koehler,Get Happy (Bb)
Glad To Be Unhappy,HalLeonardRealBook-Bb-v3.pdf,130,130,Bb,Richard Rodgers/Lorenz Hart,Glad To Be Unhappy (Bb)
Glory Of Love (The),HalLeonardRealBook-Bb-v3.pdf,131,131,Bb,Billy Hill,Glory Of Love (The) (Bb)
Gone With The Wind,HalLeonardRealBook-Bb-v3.pdf,132,132,Bb,Herb Magidson/Allie Wrubel,Gone With The Wind (Bb)
Good Man Is Hard To Find (A),HalLeonardRealBook-Bb-v3.pdf,133,133,Bb,Eddie Green,Good Man Is Hard To Find (A) (Bb)
Good Morning Heartache,HalLeonardRealBook-Bb-v3.pdf,134,134,Bb,Dan Fisher/Irene Higgenbotham/Ervin Drake,Good Morning Heartache (Bb)
Got A Match?,HalLeonardRealBook-Bb-v3.pdf,135,135,Bb,Chick Corea,Got A Match? (Bb)
H & H,HalLeonardRealBook-Bb-v3.pdf,136,136,Bb,Pat Metheny,H & H (Bb)
Happy Hunting Horn,HalLeonardRealBook-Bb-v3.pdf,137,137,Bb,Richard Rodgers/Lorenz Hart,Happy Hunting Horn (Bb)
Hard Hearted Hanna,HalLeonardRealBook-Bb-v3.pdf,138,139,Bb,Jack Yellen/Milton Ager/Bob Bigelow/Carles Bates,Hard Hearted Hanna (Bb)
Harlem Nocturne,HalLeonardRealBook-Bb-v3.pdf,140,140,Bb,Earle Hagen,Harlem Nocturne (Bb)
Haunted Heart,HalLeonardRealBook-Bb-v3.pdf,141,141,Bb,Arthur Schwartz/Howard Dietz,Haunted Heart (Bb)
Heart And Soul,HalLeonardRealBook-Bb-v3.pdf,142,142,Bb,Hoagy Carmichael/Frank Loesser,Heart And Soul (Bb)
Heat Wave,HalLeonardRealBook-Bb-v3.pdf,143,143,Bb,Irving Berlin,Heat Wave (Bb)
Here's To My Lady,HalLeonardRealBook-Bb-v3.pdf,144,144,Bb,Rube Bloom/Johnny Mercer,Here's To My Lady (Bb)
High Hopes,HalLeonardRealBook-Bb-v3.pdf,145,145,Bb,James Van Heusen/Sammy Cahn,High Hopes (Bb)
Hit That Mess,HalLeonardRealBook-Bb-v3.pdf,146,146,Bb,Harry D. Squires/Bulee Gaillard,Hit That Mess (Bb)
How Are Things In Glocca Morra,HalLeonardRealBook-Bb-v3.pdf,147,147,Bb,Burton Lane/E. Y Harburg,How Are Things In Glocca Morra (Bb)
Hooray For Love,HalLeonardRealBook-Bb-v3.pdf,148,149,Bb,Harold Arlen/Leo Robin,Hooray For Love (Bb)
How Deep Is The Ocean,HalLeonardRealBook-Bb-v3.pdf,150,150,Bb,Irving Berlin,How Deep Is The Ocean (Bb)
I Ain't Got Nobody,HalLeonardRealBook-Bb-v3.pdf,151,151,Bb,Spencer Williams/Dave Peyton/Roger Graham,I Ain't Got Nobody (Bb)
I Ain't Got Nothin' But The Blues,HalLeonardRealBook-Bb-v3.pdf,152,152,Bb,Duke Ellington/Don George,I Ain't Got Nothin' But The Blues (Bb)
I Can't Believe That You're In Love With Me,HalLeonardRealBook-Bb-v3.pdf,153,153,Bb,Jimmy McHugh/Clarence Gaskill,I Can't Believe That You're In Love With Me (Bb)
I Concentrate On You,HalLeonardRealBook-Bb-v3.pdf,154,155,Bb,Cole Porter,I Concentrate On You (Bb)
I Could Have Danced All Night,HalLeonardRealBook-Bb-v3.pdf,156,156,Bb,Frederick Loewe/Alan Jay Lerner,I Could Have Danced All Night (Bb)
I Cried For You,HalLeonardRealBook-Bb-v3.pdf,157,157,Bb,Arthur Freed/Gus Arnheim/Abe Lyman,I Cried For You (Bb)
I Didn't Know What Time It Was,HalLeonardRealBook-Bb-v3.pdf,158,158,Bb,Richard Rodgers/Lorenz Hart,I Didn't Know What Time It Was (Bb)
I Don't Know Enough About You,HalLeonardRealBook-Bb-v3.pdf,159,159,Bb,Peggy Lee/Dave Barbour,I Don't Know Enough About You (Bb)
I Don't Know Why,HalLeonardRealBook-Bb-v3.pdf,160,160,Bb,Fred E. Ahlert/Roy Turk,I Don't Know Why (Bb)
I Don't Want To Walk Without You,HalLeonardRealBook-Bb-v3.pdf,161,161,Bb,Jule Styne/Frank Loesser,I Don't Want To Walk Without You (Bb)
I Found A Million Dollar Baby,HalLeonardRealBook-Bb-v3.pdf,162,162,Bb,Harry Warren/Billy Rose/Mort Dixon,I Found A Million Dollar Baby (Bb)
I Got The Sun In The Morning,HalLeonardRealBook-Bb-v3.pdf,163,163,Bb,Irving Berlin,I Got The Sun In The Morning (Bb)
I Gotta Right To Sing The Blues,HalLeonardRealBook-Bb-v3.pdf,164,164,Bb,Harold Arlen/Ted Koehler,I Gotta Right To Sing The Blues (Bb)
I Guess I'll Hang My Tears Out To Dry,HalLeonardRealBook-Bb-v3.pdf,165,165,Bb,Jule Styne/Sammy Cahn,I Guess I'll Hang My Tears Out To Dry (Bb)
I Hear Music,HalLeonardRealBook-Bb-v3.pdf,166,166,Bb,Burton Lane/Frank Loesser,I Hear Music (Bb)
I Keep Going Back To Joe's,HalLeonardRealBook-Bb-v3.pdf,167,167,Bb,Marvin Fischer/Jack Segel,I Keep Going Back To Joe's (Bb)
I Left My Heart In San Francisco,HalLeonardRealBook-Bb-v3.pdf,168,168,Bb,George Cory/Douglass Cross,I Left My Heart In San Francisco (Bb)
I Like The Likes Of You,HalLeonardRealBook-Bb-v3.pdf,169,169,Bb,Vernon Duke/E. Y. Harburg,I Like The Likes Of You (Bb)
I Wanna Be Loved,HalLeonardRealBook-Bb-v3.pdf,170,170,Bb,John Green/Billy Rose/Edward Heyman,I Wanna Be Loved (Bb)
I Wish I Were In Love Again,HalLeonardRealBook-Bb-v3.pdf,171,171,Bb,Richard Rodgers/Lorenz Hart,I Wish I Were In Love Again (Bb)
I Wish You Love,HalLeonardRealBook-Bb-v3.pdf,172,172,Bb,Charles Trenet/Albert Beach,I Wish You Love (Bb)
I Wished On The Moon,HalLeonardRealBook-Bb-v3.pdf,173,173,Bb,Dorothy Parker/Ralph Rainger,I Wished On The Moon (Bb)
I Won't Dance,HalLeonardRealBook-Bb-v3.pdf,174,175,Bb,Jimmy McHugh/Dorothy Fields/Jermome Kern/Oscar Hammerstein/Otto Harbach,I Won't Dance (Bb)
I'll Be Around,HalLeonardRealBook-Bb-v3.pdf,176,176,Bb,Alec Wilder,I'll Be Around (Bb)
I'll Be Seeing You,HalLeonardRealBook-Bb-v3.pdf,177,177,Bb,Sammy Fain/Irving Kahal,I'll Be Seeing You (Bb)
I'll Close My Eyes,HalLeonardRealBook-Bb-v3.pdf,178,178,Bb,Buddy Kaye/Billy Reid,I'll Close My Eyes (Bb)
I'll Get By,HalLeonardRealBook-Bb-v3.pdf,179,179,Bb,Fred E. Ahlert/Roy Turk,I'll Get By (Bb)
I'll Take Romance,HalLeonardRealBook-Bb-v3.pdf,180,181,Bb,Ben Oakland/Oscar Hammerstein,I'll Take Romance (Bb)
I'm Always Chasing Rainbows,HalLeonardRealBook-Bb-v3.pdf,182,182,Bb,Harry Carroll/Joseph McCarthy,I'm Always Chasing Rainbows (Bb)
I'm Glad There Is You,HalLeonardRealBook-Bb-v3.pdf,183,183,Bb,Paul Madeira/Jimmy Dorsey,I'm Glad There Is You (Bb)
I'm Hip,HalLeonardRealBook-Bb-v3.pdf,184,185,Bb,Bob Dorough/Dave Frishberg,I'm Hip (Bb)
I'm Old Fashioned,HalLeonardRealBook-Bb-v3.pdf,186,186,Bb,Jerome Kern/Johnny Mercer,I'm Old Fashioned (Bb)
I'm Sitting On Top Of The World,HalLeonardRealBook-Bb-v3.pdf,187,187,Bb,Ray Henderson/Sam M. Lewis/Joe Young,I'm Sitting On Top Of The World (Bb)
I've Got My Love To Keep Me Warm,HalLeonardRealBook-Bb-v3.pdf,188,188,Bb,Irving Berlin,I've Got My Love To Keep Me Warm (Bb)
I've Got The World On A String,HalLeonardRealBook-Bb-v3.pdf,189,189,Bb,Harold Arlen/Ted Koehler,I've Got The World On A String (Bb)
I've Got You Under My Skin,HalLeonardRealBook-Bb-v3.pdf,190,191,Bb,Cole Porter,I've Got You Under My Skin (Bb)
I've Grown Accustomed To Her Face,HalLeonardRealBook-Bb-v3.pdf,192,192,Bb,Frederick Loewe/Alan Jay Lerner,I've Grown Accustomed To Her Face (Bb)
I've Heard That Song Before,HalLeonardRealBook-Bb-v3.pdf,193,193,Bb,Jule Styne/Sammy Cahn,I've Heard That Song Before (Bb)
I've Never Been In Love Before,HalLeonardRealBook-Bb-v3.pdf,194,194,Bb,Frank Loesser,I've Never Been In Love Before (Bb)
If I Didn't Care,HalLeonardRealBook-Bb-v3.pdf,195,195,Bb,Jack Lawrence,If I Didn't Care (Bb)
Ill Wind,HalLeonardRealBook-Bb-v3.pdf,196,196,Bb,Harold Arlen/Ted Koehler,Ill Wind (Bb)
In A Little Spanish Town,HalLeonardRealBook-Bb-v3.pdf,197,197,Bb,Mabel Wayne/Sam M. Lewis/Joe Young,In A Little Spanish Town (Bb)
In Her Family,HalLeonardRealBook-Bb-v3.pdf,198,198,Bb,Pat Metheny,In Her Family (Bb)
In Love In Vain,HalLeonardRealBook-Bb-v3.pdf,199,199,Bb,Jerome Kern/Leo Robin,In Love In Vain (Bb)
In The Cool Cool Cool Of The Evenng,HalLeonardRealBook-Bb-v3.pdf,200,200,Bb,Hoagy Carmichael/Johnny Mercer,In The Cool Cool Cool Of The Evenng (Bb)
Indian Summer,HalLeonardRealBook-Bb-v3.pdf,201,201,Bb,Victor Herbert,Indian Summer (Bb)
Interchange,HalLeonardRealBook-Bb-v3.pdf,202,202,Bb,Pat Martino,Interchange (Bb)
Isfahan,HalLeonardRealBook-Bb-v3.pdf,203,203,Bb,Duke Ellington/Billy Strayhorn,Isfahan (Bb)
It All Depends On You,HalLeonardRealBook-Bb-v3.pdf,204,204,Bb,B. G. DeSylva/Lew Brown/Ray Henderson,It All Depends On You (Bb)
It Never Entered My Mind,HalLeonardRealBook-Bb-v3.pdf,205,205,Bb,Richard Rodgers/Lorenz Hart,It Never Entered My Mind (Bb)
It Only Happens When I Dance With You,HalLeonardRealBook-Bb-v3.pdf,206,206,Bb,Irving Berlin,It Only Happens When I Dance With You (Bb)
It's A Big Wide Wonderful World,HalLeonardRealBook-Bb-v3.pdf,207,207,Bb,John Rox,It's A Big Wide Wonderful World (Bb)
It's A Good Day,HalLeonardRealBook-Bb-v3.pdf,208,209,Bb,Peggy Lee/Dave Barbour,It's A Good Day (Bb)
It's A Lovely Day Today,HalLeonardRealBook-Bb-v3.pdf,210,210,Bb,Irving Berlin,It's A Lovely Day Today (Bb)
It's A Most Unusual Day,HalLeonardRealBook-Bb-v3.pdf,211,211,Bb,Jimmy McHugh/Harold Adamson,It's A Most Unusual Day (Bb)
It's Been A Long Long Time,HalLeonardRealBook-Bb-v3.pdf,212,212,Bb,Jule Styne/Sammy Cahn,It's Been A Long Long Time (Bb)
It's De-Lovely,HalLeonardRealBook-Bb-v3.pdf,213,213,Bb,Cole Porter,It's De-Lovely (Bb)
It's Impossible,HalLeonardRealBook-Bb-v3.pdf,214,214,Bb,Armando Manzanero/Sid Wayne,It's Impossible (Bb)
It's So Nice To Have A Man Around The House,HalLeonardRealBook-Bb-v3.pdf,215,215,Bb,Harold Spina/Jack Elliott,It's So Nice To Have A Man Around The House (Bb)
It's The Talk Of The Town,HalLeonardRealBook-Bb-v3.pdf,216,216,Bb,Jerry Livingston/Marty Symes/Al Neiburg,It's The Talk Of The Town (Bb)
It's You Or No One,HalLeonardRealBook-Bb-v3.pdf,217,217,Bb,Jule Styne/Sammy Cahn,It's You Or No One (Bb)
It's Too Late,HalLeonardRealBook-Bb-v3.pdf,218,219,Bb,Carole King/Toni Stern,It's Too Late (Bb)
Jamba,HalLeonardRealBook-Bb-v3.pdf,220,220,Bb,Jack Wilkins,Jamba (Bb)
James,HalLeonardRealBook-Bb-v3.pdf,221,221,Bb,Pat Metheny/Lyle Mays,James (Bb)
Java Jive,HalLeonardRealBook-Bb-v3.pdf,222,222,Bb,Milton Drake/Ben Oakland,Java Jive (Bb)
Jersey Bounce,HalLeonardRealBook-Bb-v3.pdf,223,223,Bb,Bobby Flater/Tiny Bradshaw/Ed Johnson/Robert Wright,Jersey Bounce (Bb)
Jive Samba,HalLeonardRealBook-Bb-v3.pdf,224,224,Bb,Nat Adderley,Jive Samba (Bb)
Just A Gigolo,HalLeonardRealBook-Bb-v3.pdf,225,225,Bb,Leonello Casucci/Julius Brammer/Irving Caesar,Just A Gigolo (Bb)
Just Squeeze Me,HalLeonardRealBook-Bb-v3.pdf,226,226,Bb,Duke Ellington/Lee Gaines,Just Squeeze Me (Bb)
Lady Is A Tramp,HalLeonardRealBook-Bb-v3.pdf,227,227,Bb,Richard Rodgers/Lorenz Hart,Lady Is A Tramp (Bb)
Just The Two Of Us,HalLeonardRealBook-Bb-v3.pdf,228,229,Bb,Ralph McDonald/William Salter//Bill Withers,Just The Two Of Us (Bb)
Kickin' The Gong Around,HalLeonardRealBook-Bb-v3.pdf,230,231,Bb,Ted Koehler/Harold Arlen,Kickin' The Gong Around (Bb)
Lady's In Love With You (The),HalLeonardRealBook-Bb-v3.pdf,232,232,Bb,Burton Lane/Frank Loesser,Lady's In Love With You (The) (Bb)
Lazy Afternoon,HalLeonardRealBook-Bb-v3.pdf,233,233,Bb,John LaTouche/Jerome Morose,Lazy Afternoon (Bb)
Lazy Bones,HalLeonardRealBook-Bb-v3.pdf,234,234,Bb,Hoagy Carmichael/Johnny Mercer,Lazy Bones (Bb)
Learnin' The Blues,HalLeonardRealBook-Bb-v3.pdf,235,235,Bb,Dolores “Vicki” Silvers,Learnin' The Blues (Bb)
Let There Be Love,HalLeonardRealBook-Bb-v3.pdf,236,236,Bb,Lionel Rand/Ian Grant,Let There Be Love (Bb)
Let's Get Away From It All,HalLeonardRealBook-Bb-v3.pdf,237,237,Bb,Tom Adair/Matt Dennis,Let's Get Away From It All (Bb)
Let's Face The Music And Dance,HalLeonardRealBook-Bb-v3.pdf,238,239,Bb,Irving Berlin,Let's Face The Music And Dance (Bb)
Line For Lyons,HalLeonardRealBook-Bb-v3.pdf,240,240,Bb,Gerry Mulligan,Line For Lyons (Bb)
Line Games,HalLeonardRealBook-Bb-v3.pdf,241,241,Bb,Pat Martino,Line Games (Bb)
Linger Awhile,HalLeonardRealBook-Bb-v3.pdf,242,242,Bb,Vincent Rose/Harry Owens,Linger Awhile (Bb)
Little Girl Blue,HalLeonardRealBook-Bb-v3.pdf,243,243,Bb,Richard Rodgers/Lorenz Hart,Little Girl Blue (Bb)
Little Shoes,HalLeonardRealBook-Bb-v3.pdf,244,245,Bb,Mike Stern,Little Shoes (Bb)
Little White Lies,HalLeonardRealBook-Bb-v3.pdf,246,246,Bb,Walter Donaldson,Little White Lies (Bb)
Little Willie Leaps,HalLeonardRealBook-Bb-v3.pdf,247,247,Bb,Miles Davis,Little Willie Leaps (Bb)
Look Of Love (The),HalLeonardRealBook-Bb-v3.pdf,248,248,Bb,Burt Bacharach/Hal David,Look Of Love (The) (Bb)
Look To The Rainbow,HalLeonardRealBook-Bb-v3.pdf,249,249,Bb,Burton Lane/E. Y Harburg,Look To The Rainbow (Bb)
Lost In The Stars,HalLeonardRealBook-Bb-v3.pdf,250,251,Bb,Kurt Weill/Maxwell Anderson,Lost In The Stars (Bb)
L-O-V-E,HalLeonardRealBook-Bb-v3.pdf,252,252,Bb,Bert Kaempfert/Milt Gabler,L-O-V-E (Bb)
Love Is A Simple Thing,HalLeonardRealBook-Bb-v3.pdf,253,253,Bb,Arthur Siegel/June Carroll,Love Is A Simple Thing (Bb)
Love Letters,HalLeonardRealBook-Bb-v3.pdf,254,254,Bb,Victor Young/Edward Heyman,Love Letters (Bb)
Love Me Or Leave Me,HalLeonardRealBook-Bb-v3.pdf,255,255,Bb,Walter Donaldson/Gus Kahn,Love Me Or Leave Me (Bb)
Love Nest (The),HalLeonardRealBook-Bb-v3.pdf,256,256,Bb,Louis A. Hirsch/Otto Harbach,Love Nest (The) (Bb)
Love You Madly,HalLeonardRealBook-Bb-v3.pdf,257,257,Bb,Duke Ellington,Love You Madly (Bb)
Lover Come Back To Me,HalLeonardRealBook-Bb-v3.pdf,258,259,Bb,Sigmund Romberg/Oscar Hammerstein,Lover Come Back To Me (Bb)
Lullaby Of The Leaves,HalLeonardRealBook-Bb-v3.pdf,260,260,Bb,Bernice Petkere/Joe Young,Lullaby Of The Leaves (Bb)
Makin' Whoopee,HalLeonardRealBook-Bb-v3.pdf,261,261,Bb,Walter Donaldson/Gus Kahn,Makin' Whoopee (Bb)
Mambo #5,HalLeonardRealBook-Bb-v3.pdf,262,263,Bb,Damage Perez Pradd,Mambo #5 (Bb)
Man That Got Away (The),HalLeonardRealBook-Bb-v3.pdf,264,265,Bb,Harold Arlen/Ira Gershwin,Man That Got Away (The) (Bb)
Manhattan,HalLeonardRealBook-Bb-v3.pdf,266,266,Bb,Richard Rodgers/Lorenz Hart,Manhattan (Bb)
Marmaduke,HalLeonardRealBook-Bb-v3.pdf,267,267,Bb,Charlie Parker,Marmaduke (Bb)
Mas Que Nada,HalLeonardRealBook-Bb-v3.pdf,268,268,Bb,Jorge Ben,Mas Que Nada (Bb)
Masquerade,HalLeonardRealBook-Bb-v3.pdf,269,269,Bb,John Jacob Loeb/Paul Francis Webster,Masquerade (Bb)
Masquerade Is Over (I'm Afraid The),HalLeonardRealBook-Bb-v3.pdf,270,270,Bb,Allie Wrubel/Herb Magidson,Masquerade Is Over (I'm Afraid The) (Bb)
Maybe I Should Change My Ways,HalLeonardRealBook-Bb-v3.pdf,271,271,Bb,Duke Ellington/John LaTouche,Maybe I Should Change My Ways (Bb)
Mayreh,HalLeonardRealBook-Bb-v3.pdf,272,273,Bb,Horace Silver,Mayreh (Bb)
Mean To Me,HalLeonardRealBook-Bb-v3.pdf,274,274,Bb,Fred E. Ahlert/Roy Turk,Mean To Me (Bb)
Meaning Of The Blues (The),HalLeonardRealBook-Bb-v3.pdf,275,275,Bb,Bobby Troup/Leah Worth,Meaning Of The Blues (The) (Bb)
Midnight Sun,HalLeonardRealBook-Bb-v3.pdf,276,276,Bb,Lionel Hampton/Sunny Burke/Johnny Mercer,Midnight Sun (Bb)
Milestones,HalLeonardRealBook-Bb-v3.pdf,277,277,Bb,Miles Davis,Milestones (Bb)
Mimi,HalLeonardRealBook-Bb-v3.pdf,278,278,Bb,Richard Rodgers/Lorenz Hart,Mimi (Bb)
Mona Lisa,HalLeonardRealBook-Bb-v3.pdf,279,279,Bb,Jay Livingston/Ray Evans,Mona Lisa (Bb)
Moon And Sand,HalLeonardRealBook-Bb-v3.pdf,280,280,Bb,Alec Wilder/Morty Palitz/William Engvick,Moon And Sand (Bb)
Moonlight Becomes You,HalLeonardRealBook-Bb-v3.pdf,281,281,Bb,Jimmy Van Heusen/Johnny Burke,Moonlight Becomes You (Bb)
Moonlight In Vermont,HalLeonardRealBook-Bb-v3.pdf,282,282,Bb,John Blackbburn/Karl Suessdorf,Moonlight In Vermont (Bb)
Moonlight Saving Time,HalLeonardRealBook-Bb-v3.pdf,283,283,Bb,Irving Kahal/Harry Richman,Moonlight Saving Time (Bb)
More,HalLeonardRealBook-Bb-v3.pdf,284,284,Bb,Nino Oliviero/Riz Ortolani/Marcello Ciorciolini/Norman Newell,More (Bb)
Mountain Greenery,HalLeonardRealBook-Bb-v3.pdf,285,285,Bb,Richard Rodgers/Lorenz Hart,Mountain Greenery (Bb)
More I Cannot Wish You,HalLeonardRealBook-Bb-v3.pdf,286,287,Bb,Frank Loesser,More I Cannot Wish You (Bb)
My Baby Just Cares For Me,HalLeonardRealBook-Bb-v3.pdf,288,288,Bb,Walter Donaldson/Gus Kahn,My Baby Just Cares For Me (Bb)
My Blue Heaven,HalLeonardRealBook-Bb-v3.pdf,289,289,Bb,Walter Donaldson/George Whiting,My Blue Heaven (Bb)
My Heart Belongs To Daddy,HalLeonardRealBook-Bb-v3.pdf,290,290,Bb,Cole Porter,My Heart Belongs To Daddy (Bb)
My Heart Stood Still,HalLeonardRealBook-Bb-v3.pdf,291,291,Bb,Richard Rodgers/Lorenz Hart,My Heart Stood Still (Bb)
My Ideal,HalLeonardRealBook-Bb-v3.pdf,292,292,Bb,Richard A. Whiting/Newell Chase/Leo Robin,My Ideal (Bb)
My Lucky Star,HalLeonardRealBook-Bb-v3.pdf,293,293,Bb,B. G. DeSylva/Lew Brown/Ray Henderson,My Lucky Star (Bb)
My Man,HalLeonardRealBook-Bb-v3.pdf,294,294,Bb,Maurice Yuan/Albert Willemetz/Jaques Charles/Channing Pollack,My Man (Bb)
My Melancholy Baby,HalLeonardRealBook-Bb-v3.pdf,295,295,Bb,Ernie Burnett/George A. Norton,My Melancholy Baby (Bb)
My Silent Love,HalLeonardRealBook-Bb-v3.pdf,296,296,Bb,Dana Suess/Edward Heyman,My Silent Love (Bb)
My Sin,HalLeonardRealBook-Bb-v3.pdf,297,297,Bb,B. G. DeSylva/Lew Brown/Ray Henderson,My Sin (Bb)
Nancy-With The Laughing Face,HalLeonardRealBook-Bb-v3.pdf,298,298,Bb,James Van Heusen/Phil Silvers,Nancy-With The Laughing Face (Bb)
Never Let Me Go,HalLeonardRealBook-Bb-v3.pdf,299,299,Bb,Jay Livingston/Ray Evans,Never Let Me Go (Bb)
Nevertheless,HalLeonardRealBook-Bb-v3.pdf,300,300,Bb,Bert Kalmar/Harry Ruby,Nevertheless (Bb)
Night We Called It A Day (The),HalLeonardRealBook-Bb-v3.pdf,301,301,Bb,Tom Adair/Matt Dennis,Night We Called It A Day (The) (Bb)
Nightingale Sang In Berkeley Square (A),HalLeonardRealBook-Bb-v3.pdf,302,302,Bb,Manning Sherwin/Eric Maschwitz,Nightingale Sang In Berkeley Square (A) (Bb)
No Moon At All,HalLeonardRealBook-Bb-v3.pdf,303,303,Bb,Dave Mann/Redd Evans,No Moon At All (Bb)
Nobody Else But Me,HalLeonardRealBook-Bb-v3.pdf,304,304,Bb,Jerome Kern/Oscar Hammerstein,Nobody Else But Me (Bb)
Norwegian Wood,HalLeonardRealBook-Bb-v3.pdf,305,305,Bb,John Lennon/Paul McCartney,Norwegian Wood (Bb)
Odd Couple (The),HalLeonardRealBook-Bb-v3.pdf,306,306,Bb,Neal Hefn,Odd Couple (The) (Bb)
Old Cape Cod,HalLeonardRealBook-Bb-v3.pdf,307,307,Bb,Claire Rothrock/Milt Yakus/Allen Jeffrey,Old Cape Cod (Bb)
On A Clear Day,HalLeonardRealBook-Bb-v3.pdf,308,308,Bb,Burton Lane/Alan Jay Lerner,On A Clear Day (Bb)
On A Slow Boat To China,HalLeonardRealBook-Bb-v3.pdf,309,309,Bb,Frank Loesser,On A Slow Boat To China (Bb)
On The Street Where You Live,HalLeonardRealBook-Bb-v3.pdf,310,311,Bb,Frederick Loewe/Alan Jay Lerner,On The Street Where You Live (Bb)
On The Sunny Side Of The Street,HalLeonardRealBook-Bb-v3.pdf,312,312,Bb,Jimmy McHugh/Dorothy Fields,On The Sunny Side Of The Street (Bb)
Party's Over (The),HalLeonardRealBook-Bb-v3.pdf,313,313,Bb,Jule Styne/Betty Comden/Adolph Green,Party's Over (The) (Bb)
One For My Baby,HalLeonardRealBook-Bb-v3.pdf,314,315,Bb,Harold Arlen/Johnny Mercer,One For My Baby (Bb)
Out Of This World,HalLeonardRealBook-Bb-v3.pdf,316,317,Bb,Harold Arlen/Johnny Mercer,Out Of This World (Bb)
Passport,HalLeonardRealBook-Bb-v3.pdf,318,318,Bb,Charlie Parker,Passport (Bb)
Perhaps,HalLeonardRealBook-Bb-v3.pdf,319,319,Bb,Charlie Parker,Perhaps (Bb)
People,HalLeonardRealBook-Bb-v3.pdf,320,321,Bb,Jule Styne/Bob Merrill,People (Bb)
Poinciana,HalLeonardRealBook-Bb-v3.pdf,322,323,Bb,Nat Simon/Buddy Bernier,Poinciana (Bb)
Poor Butterfly,HalLeonardRealBook-Bb-v3.pdf,324,324,Bb,Raymond Hubbell/John L. Golden,Poor Butterfly (Bb)
Pretend,HalLeonardRealBook-Bb-v3.pdf,325,325,Bb,Lew Douglas/Cliff Parman/Frank Lavere,Pretend (Bb)
Pretty Girl Is Like A Melody(A),HalLeonardRealBook-Bb-v3.pdf,326,326,Bb,Irving Berlin,Pretty Girl Is Like A Melody(A) (Bb)
Pure Imagination,HalLeonardRealBook-Bb-v3.pdf,327,327,Bb,Leslie Bricusse/Anthony Newley,Pure Imagination (Bb)
Put On A Happy Face,HalLeonardRealBook-Bb-v3.pdf,328,328,Bb,Charles Strouse/Lee Adams,Put On A Happy Face (Bb)
Quiza's Quiza's Quiza's (Perhaps Perhaps Perhaps),HalLeonardRealBook-Bb-v3.pdf,329,329,Bb,Osvaldo Farres/Joe Davis,Quiza's Quiza's Quiza's (Perhaps Perhaps Perhaps) (Bb)
Rainbow Connection (The),HalLeonardRealBook-Bb-v3.pdf,330,330,Bb,Paul Williams/Kenneth L. Ascher,Rainbow Connection (The) (Bb)
Re: Person I Knew,HalLeonardRealBook-Bb-v3.pdf,331,331,Bb,Bill Evans,Re: Person I Knew (Bb)
Red Top,HalLeonardRealBook-Bb-v3.pdf,332,332,Bb,Lionel Hampton/Ken Kynard,Red Top (Bb)
Reflections in D,HalLeonardRealBook-Bb-v3.pdf,333,333,Bb,Duke Ellington,Reflections in D (Bb)
Revelation,HalLeonardRealBook-Bb-v3.pdf,334,334,Bb,Kenny Barron,Revelation (Bb)
Ridin' High,HalLeonardRealBook-Bb-v3.pdf,335,335,Bb,Cole Porter,Ridin' High (Bb)
RiffTide,HalLeonardRealBook-Bb-v3.pdf,336,336,Bb,Coleman Hawkins,RiffTide (Bb)
Rockin' Chair,HalLeonardRealBook-Bb-v3.pdf,337,337,Bb,Hoagy Carmichael,Rockin' Chair (Bb)
Romance Without Finance,HalLeonardRealBook-Bb-v3.pdf,338,338,Bb,Lloyd Grimes,Romance Without Finance (Bb)
Room 608,HalLeonardRealBook-Bb-v3.pdf,339,339,Bb,Horace Silver,Room 608 (Bb)
Rose Room,HalLeonardRealBook-Bb-v3.pdf,340,340,Bb,Art Hickman/Harry Williams,Rose Room (Bb)
Save The Bones For Henry Jones,HalLeonardRealBook-Bb-v3.pdf,341,341,Bb,Danny Barker/Vernon Lee,Save The Bones For Henry Jones (Bb)
Rosewood,HalLeonardRealBook-Bb-v3.pdf,342,343,Bb,Woody Shaw,Rosewood (Bb)
Samba De Orfeu,HalLeonardRealBook-Bb-v3.pdf,344,345,Bb,Luiz Bonfa/Antonio Maria,Samba De Orfeu (Bb)
Say It Isn't So,HalLeonardRealBook-Bb-v3.pdf,346,346,Bb,Irving Berlin,Say It Isn't So (Bb)
Say It With Music,HalLeonardRealBook-Bb-v3.pdf,347,347,Bb,Irving Berlin,Say It With Music (Bb)
Seems Like Old Times,HalLeonardRealBook-Bb-v3.pdf,348,348,Bb,John Jacob Loeb/Carmen Lombardo,Seems Like Old Times (Bb)
Segment,HalLeonardRealBook-Bb-v3.pdf,349,349,Bb,Charlie Parker,Segment (Bb)
Sentimental Me,HalLeonardRealBook-Bb-v3.pdf,350,350,Bb,Richard Rodgers/Lorenz Hart,Sentimental Me (Bb)
Shawnuff,HalLeonardRealBook-Bb-v3.pdf,351,351,Bb,Charlie Parker/Dizzy Gillespie,Shawnuff (Bb)
Shoo Fly Pie And Apple Pan Dowdy,HalLeonardRealBook-Bb-v3.pdf,352,352,Bb,Guy Wood/Sammy Gallop,Shoo Fly Pie And Apple Pan Dowdy (Bb)
Sing You Sinners,HalLeonardRealBook-Bb-v3.pdf,353,353,Bb,Sam Coslow/W. Frank Harling,Sing You Sinners (Bb)
Single Petal Of A Rose (The),HalLeonardRealBook-Bb-v3.pdf,354,354,Bb,Duke Ellington,Single Petal Of A Rose (The) (Bb)
Sister Sadie,HalLeonardRealBook-Bb-v3.pdf,355,355,Bb,Horace Silver,Sister Sadie (Bb)
Skylark,HalLeonardRealBook-Bb-v3.pdf,356,356,Bb,Hoagy Carmichael/Johnny Mercer,Skylark (Bb)
Sleepin' Bee,HalLeonardRealBook-Bb-v3.pdf,357,357,Bb,Harold Arlen/Truman Capote,Sleepin' Bee (Bb)
Small Fry,HalLeonardRealBook-Bb-v3.pdf,358,358,Bb,Hoagy Carmichael/Frank Loesser,Small Fry (Bb)
Small World,HalLeonardRealBook-Bb-v3.pdf,359,359,Bb,Jule Styne/Stephen Sondheim,Small World (Bb)
So Danco Samba (Jazz n Samba),HalLeonardRealBook-Bb-v3.pdf,360,360,Bb,Antonio Carlos Jobim/Vinicius De Moraes/Norman Gumbel,So Danco Samba (Jazz n Samba) (Bb)
Soft Light And Sweet Music,HalLeonardRealBook-Bb-v3.pdf,361,361,Bb,Irving Berlin,Soft Light And Sweet Music (Bb)
So In Love,HalLeonardRealBook-Bb-v3.pdf,362,363,Bb,Cole Porter,So In Love (Bb)
Somebody Loves You,HalLeonardRealBook-Bb-v3.pdf,364,364,Bb,Peter DeRose/Charlie Tobias,Somebody Loves You (Bb)
Something Wonderful,HalLeonardRealBook-Bb-v3.pdf,365,365,Bb,Richard Rodgers/Oscar Hammerstein,Something Wonderful (Bb)
Sometimes I'm Happy,HalLeonardRealBook-Bb-v3.pdf,366,366,Bb,Vincent Youmans/Clifford Grey/Irving Caesar,Sometimes I'm Happy (Bb)
Song For Helen,HalLeonardRealBook-Bb-v3.pdf,367,367,Bb,Bill Evans,Song For Helen (Bb)
Song For Strayhorn,HalLeonardRealBook-Bb-v3.pdf,368,368,Bb,Gerry Mulligan,Song For Strayhorn (Bb)
Song Is Ended (The),HalLeonardRealBook-Bb-v3.pdf,369,369,Bb,Irving Berlin,Song Is Ended (The) (Bb)
Song Of The Jet,HalLeonardRealBook-Bb-v3.pdf,370,371,Bb,Antonio Carlos Jobim,Song Of The Jet (Bb)
Soon It's Gonna Rain,HalLeonardRealBook-Bb-v3.pdf,372,372,Bb,Harvey Schmidt/Tom Jones,Soon It's Gonna Rain (Bb)
S.O.S.,HalLeonardRealBook-Bb-v3.pdf,373,373,Bb,Wes Montgomery,S.O.S. (Bb)
Spring Can Really Hang You Up The Most,HalLeonardRealBook-Bb-v3.pdf,374,375,Bb,Tommy Wolf/Fran Landeshaw,Spring Can Really Hang You Up The Most (Bb)
Spring Will Be A Little Late This Year,HalLeonardRealBook-Bb-v3.pdf,376,376,Bb,Frank Loesser,Spring Will Be A Little Late This Year (Bb)
Squeeze Me,HalLeonardRealBook-Bb-v3.pdf,377,377,Bb,Clarence Williams/Thomas “Fats” Waller,Squeeze Me (Bb)
Stablemates,HalLeonardRealBook-Bb-v3.pdf,378,378,Bb,Benny Golson,Stablemates (Bb)
Stay As Sweet As You Are,HalLeonardRealBook-Bb-v3.pdf,379,379,Bb,Hurry Revel/Mack Gordon,Stay As Sweet As You Are (Bb)
Steeplechase,HalLeonardRealBook-Bb-v3.pdf,380,380,Bb,Charlie Parker,Steeplechase (Bb)
Steppin' Out With My Baby,HalLeonardRealBook-Bb-v3.pdf,381,381,Bb,Irving Berlin,Steppin' Out With My Baby (Bb)
Stormy Weather,HalLeonardRealBook-Bb-v3.pdf,382,382,Bb,Harold Arlen/Ted Koehler,Stormy Weather (Bb)
Sweet And Lovely,HalLeonardRealBook-Bb-v3.pdf,383,383,Bb,Gus Arnheim/Charles N. Daniell/Harry Tobias,Sweet And Lovely (Bb)
Swinging On A Star,HalLeonardRealBook-Bb-v3.pdf,384,384,Bb,Jimmy Van Heusen/Johnny Burke,Swinging On A Star (Bb)
Take Ten,HalLeonardRealBook-Bb-v3.pdf,385,385,Bb,Paul Desmond,Take Ten (Bb)
Taste Of Honey (A),HalLeonardRealBook-Bb-v3.pdf,386,386,Bb,Bobby Scott/Ric Marlow,Taste Of Honey (A) (Bb)
Teach Me Tonight,HalLeonardRealBook-Bb-v3.pdf,387,387,Bb,Gene DePaul/Sammy Cahn,Teach Me Tonight (Bb)
Teen Town,HalLeonardRealBook-Bb-v3.pdf,388,389,Bb,Jaco Pastorius,Teen Town (Bb)
Telephone Song,HalLeonardRealBook-Bb-v3.pdf,390,390,Bb,Roberto Menescal/Norman Gimbel/Ronaldo Boscoli,Telephone Song (Bb)
Ten Cents A Dance,HalLeonardRealBook-Bb-v3.pdf,391,391,Bb,Richard Rodgers/Lorenz Hart,Ten Cents A Dance (Bb)
Tender Trap (Love Is The),HalLeonardRealBook-Bb-v3.pdf,392,392,Bb,James Van Heusen/Sammy Cahn,Tender Trap (Love Is The) (Bb)
That Old Feeling,HalLeonardRealBook-Bb-v3.pdf,393,393,Bb,Lew Brown/Sammy Fain,That Old Feeling (Bb)
That Old Black Magic,HalLeonardRealBook-Bb-v3.pdf,394,395,Bb,Harold Arlen/Johnny Mercer,That Old Black Magic (Bb)
Theme For Ernie,HalLeonardRealBook-Bb-v3.pdf,396,396,Bb,Fred Lacey,Theme For Ernie (Bb)
There Are Such Things,HalLeonardRealBook-Bb-v3.pdf,397,397,Bb,Stanley Adams/Abel Baer/George W. Meyer,There Are Such Things (Bb)
There Goes My Heart,HalLeonardRealBook-Bb-v3.pdf,398,398,Bb,Benny Davis/Abner Silver,There Goes My Heart (Bb)
There's A Mingus Amonk Us,HalLeonardRealBook-Bb-v3.pdf,399,399,Bb,Randy Brecker,There's A Mingus Amonk Us (Bb)
They Say It's Wonderful,HalLeonardRealBook-Bb-v3.pdf,400,400,Bb,Irving Berlin,They Say It's Wonderful (Bb)
Things Ain't What They Used To Be,HalLeonardRealBook-Bb-v3.pdf,401,401,Bb,Mercer Ellington,Things Ain't What They Used To Be (Bb)
This Can’t Be Love,HalLeonardRealBook-Bb-v3.pdf,402,402,Bb,Richard Rodgers/Lorenz Hart,This Can’t Be Love (Bb)
This Is All I Ask,HalLeonardRealBook-Bb-v3.pdf,403,403,Bb,Gordon Jenkins,This Is All I Ask (Bb)
This Could Be The Start Of Something Big,HalLeonardRealBook-Bb-v3.pdf,404,405,Bb,Steve Allen,This Could Be The Start Of Something Big (Bb)
Three Little Words,HalLeonardRealBook-Bb-v3.pdf,406,406,Bb,Harry Ruby/Bert Kalmar,Three Little Words (Bb)
Thrill Is Gone (The),HalLeonardRealBook-Bb-v3.pdf,407,407,Bb,Ray Henderson/Lew Brown,Thrill Is Gone (The) (Bb)
Time After Time,HalLeonardRealBook-Bb-v3.pdf,408,408,Bb,Jule Styne/Sammy Cahn,Time After Time (Bb)
Time Was,HalLeonardRealBook-Bb-v3.pdf,409,409,Bb,Miguel Prado/S. K. Russell,Time Was (Bb)
Too Close For Comfort,HalLeonardRealBook-Bb-v3.pdf,410,410,Bb,Jerry Bock/Larry Holofcener/George Weiss,Too Close For Comfort (Bb)
Too Late Now,HalLeonardRealBook-Bb-v3.pdf,411,411,Bb,Burton Lane/Alan Jay Lerner,Too Late Now (Bb)
Toot Toot Tootsie! (Good-bye!),HalLeonardRealBook-Bb-v3.pdf,412,412,Bb,Gus Kahn/Ernie Erdman/Dan Russo/Ted Fiorito,Toot Toot Tootsie! (Good-bye!) (Bb)
Touch Of Your Lips (The),HalLeonardRealBook-Bb-v3.pdf,413,413,Bb,Ray Noble,Touch Of Your Lips (The) (Bb)
Trick,HalLeonardRealBook-Bb-v3.pdf,414,415,Bb,Patrick Azzara,Trick (Bb)
Try To Remember,HalLeonardRealBook-Bb-v3.pdf,416,416,Bb,Harvey Schmidt/Tom Jones,Try To Remember (Bb)
Two Of A Mind,HalLeonardRealBook-Bb-v3.pdf,417,417,Bb,Paul Desmond,Two Of A Mind (Bb)
Un Poco Loco,HalLeonardRealBook-Bb-v3.pdf,418,419,Bb,Earl “Bud” Powell,Un Poco Loco (Bb)
Unforgettable,HalLeonardRealBook-Bb-v3.pdf,420,420,Bb,Irving Gordon,Unforgettable (Bb)
Very Thought Of You (The),HalLeonardRealBook-Bb-v3.pdf,421,421,Bb,Ray Noble,Very Thought Of You (The) (Bb)
Upside Downside,HalLeonardRealBook-Bb-v3.pdf,422,423,Bb,Mike Stern,Upside Downside (Bb)
Violets For Your Furs,HalLeonardRealBook-Bb-v3.pdf,424,424,Bb,Tom Adair/Matt Dennis,Violets For Your Furs (Bb)
Visit (The),HalLeonardRealBook-Bb-v3.pdf,425,425,Bb,Pat Martino,Visit (The) (Bb)
Wail,HalLeonardRealBook-Bb-v3.pdf,426,426,Bb,Earl “Bud” Powell,Wail (Bb)
Walk On The Wild Side,HalLeonardRealBook-Bb-v3.pdf,427,427,Bb,Elmer Bernstein/Mack David,Walk On The Wild Side (Bb)
Walkin' My Baby Back Home,HalLeonardRealBook-Bb-v3.pdf,428,428,Bb,Roy Turk/Fred E. Alert,Walkin' My Baby Back Home (Bb)
Watermelon Man,HalLeonardRealBook-Bb-v3.pdf,429,429,Bb,Herbie Hancock,Watermelon Man (Bb)
What A Difference A Day Made,HalLeonardRealBook-Bb-v3.pdf,430,430,Bb,Maria Grever/Stanley Adams,What A Difference A Day Made (Bb)
What A Wonderful World,HalLeonardRealBook-Bb-v3.pdf,431,431,Bb,George David Weiss/Bob Thiele,What A Wonderful World (Bb)
What Did I Have This I Don't Have?,HalLeonardRealBook-Bb-v3.pdf,432,433,Bb,Burton Lane/Alan Jay Lerner,What Did I Have This I Don't Have? (Bb)
What I Did For Love,HalLeonardRealBook-Bb-v3.pdf,434,434,Bb,Marvin Hamlisch/Edward Kledan,What I Did For Love (Bb)
What Now My Love,HalLeonardRealBook-Bb-v3.pdf,435,435,Bb,Gilbert Becaud/Carl Sigman/Pierre Leroyer,What Now My Love (Bb)
When The Sun Comes Out,HalLeonardRealBook-Bb-v3.pdf,436,436,Bb,Harold Arlen/Ted Koehler,When The Sun Comes Out (Bb)
When You're Smiling,HalLeonardRealBook-Bb-v3.pdf,437,437,Bb,Mark Fisher/Joe Goodwin/Larry Shay,When You're Smiling (Bb)
Where Or When,HalLeonardRealBook-Bb-v3.pdf,438,438,Bb,Richard Rodgers/Lorenz Hart,Where Or When (Bb)
Whistle While You Work,HalLeonardRealBook-Bb-v3.pdf,439,439,Bb,Frank Churchill/Larry Morey,Whistle While You Work (Bb)
While We're Young,HalLeonardRealBook-Bb-v3.pdf,440,441,Bb,Alec Wilder/Morty Palitz/William Engvick,While We're Young (Bb)
White Cliffs Of Dover (The),HalLeonardRealBook-Bb-v3.pdf,442,442,Bb,Walter Kent/Nat Burton,White Cliffs Of Dover (The) (Bb)
Whitlin',HalLeonardRealBook-Bb-v3.pdf,443,443,Bb,Pat Metheny,Whitlin' (Bb)
Who's Afraid Of The Big Fad Wolf?,HalLeonardRealBook-Bb-v3.pdf,444,445,Bb,Frank Churchill/Ann Ronell,Who's Afraid Of The Big Fad Wolf? (Bb)
Why Did I Choose You,HalLeonardRealBook-Bb-v3.pdf,446,446,Bb,Michael Leonard/Herbert Martin,Why Did I Choose You (Bb)
Why Don't You Do Right,HalLeonardRealBook-Bb-v3.pdf,447,447,Bb,Joe McCoy,Why Don't You Do Right (Bb)
Why Try To Change Me Now,HalLeonardRealBook-Bb-v3.pdf,448,448,Bb,Joseph McCarthy/Cy Coleman,Why Try To Change Me Now (Bb)
Wintersong,HalLeonardRealBook-Bb-v3.pdf,449,449,Bb,Paul Desmond,Wintersong (Bb)
Will You Still Be Mine,HalLeonardRealBook-Bb-v3.pdf,450,451,Bb,Matt Dennis/Tom Adair,Will You Still Be Mine (Bb)
Witchcraft,HalLeonardRealBook-Bb-v3.pdf,452,452,Bb,Cy Coleman/Carolyn Leigh,Witchcraft (Bb)
With Every Breath I Take,HalLeonardRealBook-Bb-v3.pdf,453,453,Bb,Leo Robin/Ralph Rainger,With Every Breath I Take (Bb)
Wouldn't It Be Loverly,HalLeonardRealBook-Bb-v3.pdf,454,454,Bb,Frederick Loewe/Alan Jay Lerner,Wouldn't It Be Loverly (Bb)
Wrap Your Troubles In Dreams,HalLeonardRealBook-Bb-v3.pdf,455,455,Bb,Harry Barris/Ted Koehler/Billy Moll,Wrap Your Troubles In Dreams (Bb)
Yes Indeed,HalLeonardRealBook-Bb-v3.pdf,456,456,Bb,Sy Oliver,Yes Indeed (Bb)
You Belong To My Heart,HalLeonardRealBook-Bb-v3.pdf,457,457,Bb,Agustin Lara/Ray Gilbert,You Belong To My Heart (Bb)
You Better Go Now,HalLeonardRealBook-Bb-v3.pdf,458,458,Bb,Robert Graham/Bickley Zeichner,You Better Go Now (Bb)
You Made Me Love You,HalLeonardRealBook-Bb-v3.pdf,459,459,Bb,James V. Monaco/Joe McCarthy,You Made Me Love You (Bb)
You're Blase,HalLeonardRealBook-Bb-v3.pdf,460,460,Bb,Ord Hamilton/Bruce Silver,You're Blase (Bb)
You're Driving Me Crazy,HalLeonardRealBook-Bb-v3.pdf,461,461,Bb,Walter Donaldson,You're Driving Me Crazy (Bb)
You're Mine You,HalLeonardRealBook-Bb-v3.pdf,462,462,Bb,John W. Green/Edward Heyman,You're Mine You (Bb)
You've Changed,HalLeonardRealBook-Bb-v3.pdf,463,463,Bb,Bill Carey/Carl Fisher,You've Changed (Bb)
Younger Than Springtime,HalLeonardRealBook-Bb-v3.pdf,464,464,Bb,Richard Rodgers/Oscar Hammerstein,Younger Than Springtime (Bb)