Song,Title,Book,Length,Start,End
Ablution,Ablution - Eb Item rb2,Real Book 2 v6 (Hal Leonard),1,10,10
Adam's Apple,Adam's Apple - Eb Item rb2,Real Book 2 v6 (Hal Leonard),1,11,11
Affirmation,Affirmation - Eb Item rb2,Real Book 2 v6 (Hal Leonard),1,12,12
Airmail Special,Airmail Special - Eb Item rb2,Real Book 2 v6 (Hal Leonard),1,13,13
Alfie's Theme,Alfie's Theme - Eb Item rb2,Real Book 2 v6 (Hal Leonard),1,14,14
All Alone,All Alone - Eb Item rb2,Real Book 2 v6 (Hal Leonard),1,15,15
My Heart Sings,My Heart Sings - Eb Item rb2,Real Book 2 v6 (Hal Leonard),1,16,16
Alto Itis,Alto Itis - Eb Item rb2,Real Book 2 v6 (Hal Leonard),1,17,17
Another Star,Another Star - Eb Item rb2,Real Book 2 v6 (Hal Leonard),2,18,19
April Skies,April Skies - Eb Item rb2,Real Book 2 v6 (Hal Leonard),2,20,21
Are You Havin' Any Fun,Are You Havin' Any Fun - Eb Item rb2,Real Book 2 v6 (Hal Leonard),1,22,22
Ask Me Now,Ask Me Now - Eb Item rb2,Real Book 2 v6 (Hal Leonard),1,23,23
At The Mambo Inn,At The Mambo Inn - Eb Item rb2,Real Book 2 v6 (Hal Leonard),1,24,24
Avalon,Avalon - Eb Item rb2,Real Book 2 v6 (Hal Leonard),1,25,25
Azure,Azure - Eb Item rb2,Real Book 2 v6 (Hal Leonard),1,26,26
Ba-Lue Bolivar Ba-Lues-Are,Ba-Lue Bolivar Ba-Lues-Are - Eb Item rb2,Real Book 2 v6 (Hal Leonard),1,27,27
Baby It's Cold Outside,Baby It's Cold Outside - Eb Item rb2,Real Book 2 v6 (Hal Leonard),1,28,28
Bags And Trane,Bags And Trane - Eb Item rb2,Real Book 2 v6 (Hal Leonard),1,29,29
Bags' Groove,Bags' Groove - Eb Item rb2,Real Book 2 v6 (Hal Leonard),1,30,30
Bali Hai'i,Bali Hai'i - Eb Item rb2,Real Book 2 v6 (Hal Leonard),1,31,31
Ballad (A),Ballad (A) - Eb Item rb2,Real Book 2 v6 (Hal Leonard),2,32,33
Baltimore Oriole,Baltimore Oriole - Eb Item rb2,Real Book 2 v6 (Hal Leonard),1,34,34
Barbados,Barbados - Eb Item rb2,Real Book 2 v6 (Hal Leonard),1,35,35
Barbara,Barbara - Eb Item rb2,Real Book 2 v6 (Hal Leonard),1,36,36
Basin Street Blues,Basin Street Blues - Eb Item rb2,Real Book 2 v6 (Hal Leonard),1,37,37
Be Bop,Be Bop - Eb Item rb2,Real Book 2 v6 (Hal Leonard),1,38,38
Better Leave It Alone,Better Leave It Alone - Eb Item rb2,Real Book 2 v6 (Hal Leonard),1,39,39
Beyond The Sea,Beyond The Sea - Eb Item rb2,Real Book 2 v6 (Hal Leonard),1,40,40
Big P,Big P - Eb Item rb2,Real Book 2 v6 (Hal Leonard),1,41,41
Bills' Hit Tune,Bills' Hit Tune - Eb Item rb2,Real Book 2 v6 (Hal Leonard),1,42,42
Billie's Blues,Billie's Blues - Eb Item rb2,Real Book 2 v6 (Hal Leonard),1,43,43
Billie's Bounce,Billie's Bounce - Eb Item rb2,Real Book 2 v6 (Hal Leonard),1,44,44
Bird Feathers,Bird Feathers - Eb Item rb2,Real Book 2 v6 (Hal Leonard),1,45,45
Birdland,Birdland - Eb Item rb2,Real Book 2 v6 (Hal Leonard),2,46,47
Birk's Works,Birk's Works - Eb Item rb2,Real Book 2 v6 (Hal Leonard),1,48,48
Birth Of The Blues,Birth Of The Blues - Eb Item rb2,Real Book 2 v6 (Hal Leonard),1,49,49
Black And Tan Fantasy,Black And Tan Fantasy - Eb Item rb2,Real Book 2 v6 (Hal Leonard),1,50,50
Blame It On My Youth,Blame It On My Youth - Eb Item rb2,Real Book 2 v6 (Hal Leonard),1,51,51
Bloomdido,Bloomdido - Eb Item rb2,Real Book 2 v6 (Hal Leonard),1,52,52
Blow Mr Dexter,Blow Mr Dexter - Eb Item rb2,Real Book 2 v6 (Hal Leonard),1,53,53
Blue 'N Boogie',Blue 'N Boogie' - Eb Item rb2,Real Book 2 v6 (Hal Leonard),1,54,54
Blue Serge,Blue Serge - Eb Item rb2,Real Book 2 v6 (Hal Leonard),1,55,55
Blue Seven,Blue Seven - Eb Item rb2,Real Book 2 v6 (Hal Leonard),1,56,56
Blue Silver,Blue Silver - Eb Item rb2,Real Book 2 v6 (Hal Leonard),1,57,57
Blue Skies,Blue Skies - Eb Item rb2,Real Book 2 v6 (Hal Leonard),1,58,58
Blues By Five,Blues By Five - Eb Item rb2,Real Book 2 v6 (Hal Leonard),1,59,59
Blues For Wood,Blues For Wood - Eb Item rb2,Real Book 2 v6 (Hal Leonard),1,60,60
Blues In The Closet,Blues In The Closet - Eb Item rb2,Real Book 2 v6 (Hal Leonard),1,61,61
Blue March,Blue March - Eb Item rb2,Real Book 2 v6 (Hal Leonard),1,62,62
Bohemia After Dark,Bohemia After Dark - Eb Item rb2,Real Book 2 v6 (Hal Leonard),1,63,63
Booker's Waltz,Booker's Waltz - Eb Item rb2,Real Book 2 v6 (Hal Leonard),1,64,64
Brian's Song,Brian's Song - Eb Item rb2,Real Book 2 v6 (Hal Leonard),1,65,65
Bouncing With Bud,Bouncing With Bud - Eb Item rb2,Real Book 2 v6 (Hal Leonard),2,66,67
Bright Boy,Bright Boy - Eb Item rb2,Real Book 2 v6 (Hal Leonard),1,68,68
Brilliant Corners,Brilliant Corners - Eb Item rb2,Real Book 2 v6 (Hal Leonard),1,69,69
Budo,Budo - Eb Item rb2,Real Book 2 v6 (Hal Leonard),1,70,70
Bunko,Bunko - Eb Item rb2,Real Book 2 v6 (Hal Leonard),1,71,71
Buster Rides Again,Buster Rides Again - Eb Item rb2,Real Book 2 v6 (Hal Leonard),1,72,72
Bye Bye Blackbird,Bye Bye Blackbird - Eb Item rb2,Real Book 2 v6 (Hal Leonard),1,73,73
C Jam Blues,C Jam Blues - Eb Item rb2,Real Book 2 v6 (Hal Leonard),1,74,74
Candy,Candy - Eb Item rb2,Real Book 2 v6 (Hal Leonard),1,75,75
Cantelope Island,Cantelope Island - Eb Item rb2,Real Book 2 v6 (Hal Leonard),1,76,76
Caravan,Caravan - Eb Item rb2,Real Book 2 v6 (Hal Leonard),1,77,77
Cast Your Fat To The Wind,Cast Your Fat To The Wind - Eb Item rb2,Real Book 2 v6 (Hal Leonard),1,78,78
Chameleon,Chameleon - Eb Item rb2,Real Book 2 v6 (Hal Leonard),1,79,79
Champ (The),Champ (The) - Eb Item rb2,Real Book 2 v6 (Hal Leonard),1,80,80
Chasin' The Train,Chasin' The Train - Eb Item rb2,Real Book 2 v6 (Hal Leonard),1,81,81
Cheese Cake,Cheese Cake - Eb Item rb2,Real Book 2 v6 (Hal Leonard),2,82,83
Circle,Circle - Eb Item rb2,Real Book 2 v6 (Hal Leonard),2,84,85
Close Your Eyes,Close Your Eyes - Eb Item rb2,Real Book 2 v6 (Hal Leonard),1,86,86
Cold Duck Time,Cold Duck Time - Eb Item rb2,Real Book 2 v6 (Hal Leonard),1,87,87
Come Rain Or Come Shine,Come Rain Or Come Shine - Eb Item rb2,Real Book 2 v6 (Hal Leonard),1,88,88
Comin' Home Baby,Comin' Home Baby - Eb Item rb2,Real Book 2 v6 (Hal Leonard),1,89,89
Cooker (The),Cooker (The) - Eb Item rb2,Real Book 2 v6 (Hal Leonard),1,90,90
Cool Blues,Cool Blues - Eb Item rb2,Real Book 2 v6 (Hal Leonard),1,91,91
Core (The),Core (The) - Eb Item rb2,Real Book 2 v6 (Hal Leonard),1,92,92
Cousin Mary,Cousin Mary - Eb Item rb2,Real Book 2 v6 (Hal Leonard),1,93,93
Crazeology,Crazeology - Eb Item rb2,Real Book 2 v6 (Hal Leonard),1,94,94
Crepuscule,Crepuscule - Eb Item rb2,Real Book 2 v6 (Hal Leonard),1,95,95
Criss Cross,Criss Cross - Eb Item rb2,Real Book 2 v6 (Hal Leonard),1,96,96
Cross Current,Cross Current - Eb Item rb2,Real Book 2 v6 (Hal Leonard),1,97,97
Dance Of The Infidels,Dance Of The Infidels - Eb Item rb2,Real Book 2 v6 (Hal Leonard),1,98,98
Dat Dere,Dat Dere - Eb Item rb2,Real Book 2 v6 (Hal Leonard),1,99,99
Day By Day,Day By Day - Eb Item rb2,Real Book 2 v6 (Hal Leonard),1,100,100
Dewey Square,Dewey Square - Eb Item rb2,Real Book 2 v6 (Hal Leonard),1,101,101
Dexter Rides Again,Dexter Rides Again - Eb Item rb2,Real Book 2 v6 (Hal Leonard),1,102,102
Didn't We,Didn't We - Eb Item rb2,Real Book 2 v6 (Hal Leonard),1,103,103
Dinah,Dinah - Eb Item rb2,Real Book 2 v6 (Hal Leonard),1,104,104
Dindi,Dindi - Eb Item rb2,Real Book 2 v6 (Hal Leonard),1,105,105
Do I Love You Because You're Beautiful?,Do I Love You Because You're Beautiful? - Eb Item rb2,Real Book 2 v6 (Hal Leonard),1,106,106
Do Nothing Till You Hear From Me,Do Nothing Till You Hear From Me - Eb Item rb2,Real Book 2 v6 (Hal Leonard),1,107,107
Do You Know What It Means To Miss New Orleans,Do You Know What It Means To Miss New Orleans - Eb Item rb2,Real Book 2 v6 (Hal Leonard),1,108,108
Don't Explain,Don't Explain - Eb Item rb2,Real Book 2 v6 (Hal Leonard),1,109,109
Down For Double,Down For Double - Eb Item rb2,Real Book 2 v6 (Hal Leonard),1,110,110
Doxy,Doxy - Eb Item rb2,Real Book 2 v6 (Hal Leonard),1,111,111
Drive (The),Drive (The) - Eb Item rb2,Real Book 2 v6 (Hal Leonard),1,112,112
Duff,Duff - Eb Item rb2,Real Book 2 v6 (Hal Leonard),1,113,113
Early Autumn,Early Autumn - Eb Item rb2,Real Book 2 v6 (Hal Leonard),1,114,114
Eclypso,Eclypso - Eb Item rb2,Real Book 2 v6 (Hal Leonard),1,115,115
Einbahnstrasse,Einbahnstrasse - Eb Item rb2,Real Book 2 v6 (Hal Leonard),1,116,116
Elora,Elora - Eb Item rb2,Real Book 2 v6 (Hal Leonard),1,117,117
Emancipation Blues,Emancipation Blues - Eb Item rb2,Real Book 2 v6 (Hal Leonard),1,118,118
Epilogue,Epilogue - Eb Item rb2,Real Book 2 v6 (Hal Leonard),1,119,119
Estate,Estate - Eb Item rb2,Real Book 2 v6 (Hal Leonard),1,120,120
Everything I Have Is Yours,Everything I Have Is Yours - Eb Item rb2,Real Book 2 v6 (Hal Leonard),1,121,121
Eye Of The Hurricane,Eye Of The Hurricane - Eb Item rb2,Real Book 2 v6 (Hal Leonard),1,122,122
Farmer's Trust,Farmer's Trust - Eb Item rb2,Real Book 2 v6 (Hal Leonard),1,123,123
Ezz-Thetic,Ezz-Thetic - Eb Item rb2,Real Book 2 v6 (Hal Leonard),2,124,125
Feels So Good,Feels So Good - Eb Item rb2,Real Book 2 v6 (Hal Leonard),2,126,127
Fever,Fever - Eb Item rb2,Real Book 2 v6 (Hal Leonard),1,128,128
52nd Street Theme,52nd Street Theme - Eb Item rb2,Real Book 2 v6 (Hal Leonard),1,129,129
Filthy McNasty,Filthy McNasty - Eb Item rb2,Real Book 2 v6 (Hal Leonard),1,130,130
First Trip,First Trip - Eb Item rb2,Real Book 2 v6 (Hal Leonard),1,131,131
Five Brothers,Five Brothers - Eb Item rb2,Real Book 2 v6 (Hal Leonard),1,132,132
Five Spot After Dark,Five Spot After Dark - Eb Item rb2,Real Book 2 v6 (Hal Leonard),1,133,133
Flower Is A Lonesome Thing (A),Flower Is A Lonesome Thing (A) - Eb Item rb2,Real Book 2 v6 (Hal Leonard),1,134,134
Fly Me To The Moon,Fly Me To The Moon - Eb Item rb2,Real Book 2 v6 (Hal Leonard),1,135,135
Flying Home,Flying Home - Eb Item rb2,Real Book 2 v6 (Hal Leonard),1,136,136
Folks Who Live On The Hill (The),Folks Who Live On The Hill (The) - Eb Item rb2,Real Book 2 v6 (Hal Leonard),1,137,137
Four Brothers,Four Brothers - Eb Item rb2,Real Book 2 v6 (Hal Leonard),1,138,138
Freight Trane,Freight Trane - Eb Item rb2,Real Book 2 v6 (Hal Leonard),1,139,139
Fox Hunt,Fox Hunt - Eb Item rb2,Real Book 2 v6 (Hal Leonard),2,140,141
Frenesi,Frenesi - Eb Item rb2,Real Book 2 v6 (Hal Leonard),1,142,142
Frim Fram Sauce (The),Frim Fram Sauce (The) - Eb Item rb2,Real Book 2 v6 (Hal Leonard),1,143,143
Funky,Funky - Eb Item rb2,Real Book 2 v6 (Hal Leonard),1,144,144
Georgia On My Mind,Georgia On My Mind - Eb Item rb2,Real Book 2 v6 (Hal Leonard),1,145,145
Get Me To The Church On Time,Get Me To The Church On Time - Eb Item rb2,Real Book 2 v6 (Hal Leonard),2,146,147
Get Out Of Town,Get Out Of Town - Eb Item rb2,Real Book 2 v6 (Hal Leonard),1,148,148
Gettin' It Togetha,Gettin' It Togetha - Eb Item rb2,Real Book 2 v6 (Hal Leonard),1,149,149
Gift! (The),Gift! (The) - Eb Item rb2,Real Book 2 v6 (Hal Leonard),1,150,150
Girl Talk,Girl Talk - Eb Item rb2,Real Book 2 v6 (Hal Leonard),1,151,151
Gravy Waltz,Gravy Waltz - Eb Item rb2,Real Book 2 v6 (Hal Leonard),1,152,152
Gregory Is Here,Gregory Is Here - Eb Item rb2,Real Book 2 v6 (Hal Leonard),1,153,153
Groove Yard,Groove Yard - Eb Item rb2,Real Book 2 v6 (Hal Leonard),1,154,154
Hackensack,Hackensack - Eb Item rb2,Real Book 2 v6 (Hal Leonard),1,155,155
Hallucinations,Hallucinations - Eb Item rb2,Real Book 2 v6 (Hal Leonard),1,156,156
Happy Little Sunbeam,Happy Little Sunbeam - Eb Item rb2,Real Book 2 v6 (Hal Leonard),1,157,157
Havona,Havona - Eb Item rb2,Real Book 2 v6 (Hal Leonard),2,158,159
Head And Shoulders,Head And Shoulders - Eb Item rb2,Real Book 2 v6 (Hal Leonard),1,160,160
High Fly,High Fly - Eb Item rb2,Real Book 2 v6 (Hal Leonard),1,161,161
Hi Beck,Hi Beck - Eb Item rb2,Real Book 2 v6 (Hal Leonard),2,162,163
Ho-Ba-La-La,Ho-Ba-La-La - Eb Item rb2,Real Book 2 v6 (Hal Leonard),1,164,164
Hocus Pocus,Hocus Pocus - Eb Item rb2,Real Book 2 v6 (Hal Leonard),1,165,165
Holy Land,Holy Land - Eb Item rb2,Real Book 2 v6 (Hal Leonard),1,166,166
Honeysuckle Rose,Honeysuckle Rose - Eb Item rb2,Real Book 2 v6 (Hal Leonard),1,167,167
Horace Scope,Horace Scope - Eb Item rb2,Real Book 2 v6 (Hal Leonard),1,168,168
Hucklebuck (The),Hucklebuck (The) - Eb Item rb2,Real Book 2 v6 (Hal Leonard),1,169,169
Hummin,Hummin - Eb Item rb2,Real Book 2 v6 (Hal Leonard),1,170,170
Humpty Dumpty,Humpty Dumpty - Eb Item rb2,Real Book 2 v6 (Hal Leonard),1,171,171
I Believe In You,I Believe In You - Eb Item rb2,Real Book 2 v6 (Hal Leonard),1,172,172
I Don't Stand A Ghost Of A Chance,I Don't Stand A Ghost Of A Chance - Eb Item rb2,Real Book 2 v6 (Hal Leonard),1,173,173
I Get Along Without You Very Well,I Get Along Without You Very Well - Eb Item rb2,Real Book 2 v6 (Hal Leonard),2,174,175
I Have Dreamed,I Have Dreamed - Eb Item rb2,Real Book 2 v6 (Hal Leonard),1,176,176
I Hear A Rhapsody,I Hear A Rhapsody - Eb Item rb2,Real Book 2 v6 (Hal Leonard),1,177,177
I Remember Bird,I Remember Bird - Eb Item rb2,Real Book 2 v6 (Hal Leonard),1,178,178
I Remember You,I Remember You - Eb Item rb2,Real Book 2 v6 (Hal Leonard),1,179,179
I Thought About You,I Thought About You - Eb Item rb2,Real Book 2 v6 (Hal Leonard),1,180,180
I Will Wait For You,I Will Wait For You - Eb Item rb2,Real Book 2 v6 (Hal Leonard),1,181,181
I Wish I Didn't Love You So,I Wish I Didn't Love You So - Eb Item rb2,Real Book 2 v6 (Hal Leonard),1,182,182
I'll Know,I'll Know - Eb Item rb2,Real Book 2 v6 (Hal Leonard),1,183,183
I'm A Fool To Want You,I'm A Fool To Want You - Eb Item rb2,Real Book 2 v6 (Hal Leonard),1,184,184
I'm Confessin' (That I Love You),I'm Confessin' (That I Love You) - Eb Item rb2,Real Book 2 v6 (Hal Leonard),1,185,185
I'm Just A Lucky So And So,I'm Just A Lucky So And So - Eb Item rb2,Real Book 2 v6 (Hal Leonard),1,186,186
I'm Putting All My Eggs In One Basket,I'm Putting All My Eggs In One Basket - Eb Item rb2,Real Book 2 v6 (Hal Leonard),1,187,187
I've Found A New Baby,I've Found A New Baby - Eb Item rb2,Real Book 2 v6 (Hal Leonard),1,188,188
I've Told Ev'ry Little Star,I've Told Ev'ry Little Star - Eb Item rb2,Real Book 2 v6 (Hal Leonard),1,189,189
Ice Cream Konitz,Ice Cream Konitz - Eb Item rb2,Real Book 2 v6 (Hal Leonard),1,190,190
Idol Gossip,Idol Gossip - Eb Item rb2,Real Book 2 v6 (Hal Leonard),1,191,191
If I Loved You,If I Loved You - Eb Item rb2,Real Book 2 v6 (Hal Leonard),1,192,192
If I Should Lose You,If I Should Lose You - Eb Item rb2,Real Book 2 v6 (Hal Leonard),1,193,193
If I were A Bell,If I were A Bell - Eb Item rb2,Real Book 2 v6 (Hal Leonard),1,194,194
Imagination,Imagination - Eb Item rb2,Real Book 2 v6 (Hal Leonard),1,195,195
In Case You Haven't Heard,In Case You Haven't Heard - Eb Item rb2,Real Book 2 v6 (Hal Leonard),1,196,196
In Pursuit Of The 27th Man,In Pursuit Of The 27th Man - Eb Item rb2,Real Book 2 v6 (Hal Leonard),1,197,197
In The Still Of The Night,In The Still Of The Night - Eb Item rb2,Real Book 2 v6 (Hal Leonard),2,198,199
In Walked Bud,In Walked Bud - Eb Item rb2,Real Book 2 v6 (Hal Leonard),1,200,200
Indiana,Indiana - Eb Item rb2,Real Book 2 v6 (Hal Leonard),1,201,201
Infant Eyes,Infant Eyes - Eb Item rb2,Real Book 2 v6 (Hal Leonard),1,202,202
Island Birdie,Island Birdie - Eb Item rb2,Real Book 2 v6 (Hal Leonard),1,203,203
It Could Happen To You,It Could Happen To You - Eb Item rb2,Real Book 2 v6 (Hal Leonard),1,204,204
It Might As Well Be Spring,It Might As Well Be Spring - Eb Item rb2,Real Book 2 v6 (Hal Leonard),1,205,205
It Will Have To Do Until The Real Thing Comes Along,It Will Have To Do Until The Real Thing Comes Along - Eb Item rb2,Real Book 2 v6 (Hal Leonard),1,206,206
It's A Blue World,It's A Blue World - Eb Item rb2,Real Book 2 v6 (Hal Leonard),1,207,207
It's All Right With Me,It's All Right With Me - Eb Item rb2,Real Book 2 v6 (Hal Leonard),1,208,208
It's Only A Paper Moon,It's Only A Paper Moon - Eb Item rb2,Real Book 2 v6 (Hal Leonard),1,209,209
It's So Peaceful In The Country,It's So Peaceful In The Country - Eb Item rb2,Real Book 2 v6 (Hal Leonard),1,210,210
Jackie,Jackie - Eb Item rb2,Real Book 2 v6 (Hal Leonard),1,211,211
Jeannine,Jeannine - Eb Item rb2,Real Book 2 v6 (Hal Leonard),1,212,212
Jingles,Jingles - Eb Item rb2,Real Book 2 v6 (Hal Leonard),1,213,213
Jitterbug Waltz,Jitterbug Waltz - Eb Item rb2,Real Book 2 v6 (Hal Leonard),1,214,214
Jody Grind,Jody Grind - Eb Item rb2,Real Book 2 v6 (Hal Leonard),1,215,215
Joyce's Samba,Joyce's Samba - Eb Item rb2,Real Book 2 v6 (Hal Leonard),1,216,216
Jump Jive An' Wail,Jump Jive An' Wail - Eb Item rb2,Real Book 2 v6 (Hal Leonard),1,217,217
Jumping With Symphony Sid,Jumping With Symphony Sid - Eb Item rb2,Real Book 2 v6 (Hal Leonard),1,218,218
June Is Bustin' Out All Over,June Is Bustin' Out All Over - Eb Item rb2,Real Book 2 v6 (Hal Leonard),1,219,219
Just A Few,Just A Few - Eb Item rb2,Real Book 2 v6 (Hal Leonard),1,220,220
Just A-Sittin' and A-Rockin',Just A-Sittin' and A-Rockin' - Eb Item rb2,Real Book 2 v6 (Hal Leonard),1,221,221
Just In Time,Just In Time - Eb Item rb2,Real Book 2 v6 (Hal Leonard),1,222,222
Kary's Trance,Kary's Trance - Eb Item rb2,Real Book 2 v6 (Hal Leonard),1,223,223
Just The Way You Are,Just The Way You Are - Eb Item rb2,Real Book 2 v6 (Hal Leonard),2,224,225
Katrina Ballerina,Katrina Ballerina - Eb Item rb2,Real Book 2 v6 (Hal Leonard),1,226,226
Kicker (The),Kicker (The) - Eb Item rb2,Real Book 2 v6 (Hal Leonard),1,227,227
Kids Are Pretty People,Kids Are Pretty People - Eb Item rb2,Real Book 2 v6 (Hal Leonard),1,228,228
Killer Joe,Killer Joe - Eb Item rb2,Real Book 2 v6 (Hal Leonard),1,229,229
Lady Day,Lady Day - Eb Item rb2,Real Book 2 v6 (Hal Leonard),1,230,230
Lakes,Lakes - Eb Item rb2,Real Book 2 v6 (Hal Leonard),1,231,231
Last Night When We Were Young,Last Night When We Were Young - Eb Item rb2,Real Book 2 v6 (Hal Leonard),1,232,232
Last Time I Saw Paris (The),Last Time I Saw Paris (The) - Eb Item rb2,Real Book 2 v6 (Hal Leonard),1,233,233
Leila,Leila - Eb Item rb2,Real Book 2 v6 (Hal Leonard),1,234,234
Lennie's Pennies,Lennie's Pennies - Eb Item rb2,Real Book 2 v6 (Hal Leonard),1,235,235
Let's Cool One,Let's Cool One - Eb Item rb2,Real Book 2 v6 (Hal Leonard),1,236,236
Let's Fall In Love,Let's Fall In Love - Eb Item rb2,Real Book 2 v6 (Hal Leonard),1,237,237
Let's Get Lost,Let's Get Lost - Eb Item rb2,Real Book 2 v6 (Hal Leonard),1,238,238
Like Sonny,Like Sonny - Eb Item rb2,Real Book 2 v6 (Hal Leonard),1,239,239
Like Young,Like Young - Eb Item rb2,Real Book 2 v6 (Hal Leonard),1,240,240
Limbo,Limbo - Eb Item rb2,Real Book 2 v6 (Hal Leonard),1,241,241
Little Chicago Fire,Little Chicago Fire - Eb Item rb2,Real Book 2 v6 (Hal Leonard),1,242,242
Little Rootie Tootie,Little Rootie Tootie - Eb Item rb2,Real Book 2 v6 (Hal Leonard),1,243,243
Little Sunflower,Little Sunflower - Eb Item rb2,Real Book 2 v6 (Hal Leonard),1,244,244
Locomotion,Locomotion - Eb Item rb2,Real Book 2 v6 (Hal Leonard),1,245,245
Lone Jack,Lone Jack - Eb Item rb2,Real Book 2 v6 (Hal Leonard),2,246,247
Lonely Dreams,Lonely Dreams - Eb Item rb2,Real Book 2 v6 (Hal Leonard),1,248,248
Look For The Silver Lining,Look For The Silver Lining - Eb Item rb2,Real Book 2 v6 (Hal Leonard),1,249,249
Lotus Blossom,Lotus Blossom - Eb Item rb2,Real Book 2 v6 (Hal Leonard),1,250,250
Love Is Just Around The Corner,Love Is Just Around The Corner - Eb Item rb2,Real Book 2 v6 (Hal Leonard),1,251,251
Love Look Away,Love Look Away - Eb Item rb2,Real Book 2 v6 (Hal Leonard),1,252,252
Love Vibrations,Love Vibrations - Eb Item rb2,Real Book 2 v6 (Hal Leonard),1,253,253
Lovely Way To Spend An Evening (A),Lovely Way To Spend An Evening (A) - Eb Item rb2,Real Book 2 v6 (Hal Leonard),1,254,254
Lover Man,Lover Man - Eb Item rb2,Real Book 2 v6 (Hal Leonard),1,255,255
Lover,Lover - Eb Item rb2,Real Book 2 v6 (Hal Leonard),2,256,257
Make Someone Happy,Make Someone Happy - Eb Item rb2,Real Book 2 v6 (Hal Leonard),1,258,258
Manteca,Manteca - Eb Item rb2,Real Book 2 v6 (Hal Leonard),1,259,259
Memories Of You,Memories Of You - Eb Item rb2,Real Book 2 v6 (Hal Leonard),1,260,260
Menina Flor,Menina Flor - Eb Item rb2,Real Book 2 v6 (Hal Leonard),1,261,261
Mercy Mercy Mercy,Mercy Mercy Mercy - Eb Item rb2,Real Book 2 v6 (Hal Leonard),1,262,262
Minor Mishap,Minor Mishap - Eb Item rb2,Real Book 2 v6 (Hal Leonard),1,263,263
Mile Ahead,Mile Ahead - Eb Item rb2,Real Book 2 v6 (Hal Leonard),2,264,265
Minor Mood,Minor Mood - Eb Item rb2,Real Book 2 v6 (Hal Leonard),1,266,266
Mr. Broadway Theme From,Mr. Broadway Theme From - Eb Item rb2,Real Book 2 v6 (Hal Leonard),1,267,267
Mr. Magic,Mr. Magic - Eb Item rb2,Real Book 2 v6 (Hal Leonard),1,268,268
Monk's Mood,Monk's Mood - Eb Item rb2,Real Book 2 v6 (Hal Leonard),1,269,269
Moanin',Moanin' - Eb Item rb2,Real Book 2 v6 (Hal Leonard),2,270,271
Moak's Shop,Moak's Shop - Eb Item rb2,Real Book 2 v6 (Hal Leonard),1,272,272
Moon Rays,Moon Rays - Eb Item rb2,Real Book 2 v6 (Hal Leonard),1,273,273
Moon River,Moon River - Eb Item rb2,Real Book 2 v6 (Hal Leonard),1,274,274
Moon Glow,Moon Glow - Eb Item rb2,Real Book 2 v6 (Hal Leonard),1,275,275
Moose The Mooche,Moose The Mooche - Eb Item rb2,Real Book 2 v6 (Hal Leonard),1,276,276
More Than You Know,More Than You Know - Eb Item rb2,Real Book 2 v6 (Hal Leonard),1,277,277
Morning Dance,Morning Dance - Eb Item rb2,Real Book 2 v6 (Hal Leonard),1,278,278
Moten Swing,Moten Swing - Eb Item rb2,Real Book 2 v6 (Hal Leonard),1,279,279
Move,Move - Eb Item rb2,Real Book 2 v6 (Hal Leonard),1,280,280
My Attorney Bernie,My Attorney Bernie - Eb Item rb2,Real Book 2 v6 (Hal Leonard),1,281,281
My Little Suede Shoes,My Little Suede Shoes - Eb Item rb2,Real Book 2 v6 (Hal Leonard),1,282,282
My old Flame,My old Flame - Eb Item rb2,Real Book 2 v6 (Hal Leonard),1,283,283
Nature Boy,Nature Boy - Eb Item rb2,Real Book 2 v6 (Hal Leonard),1,284,284
Nearness Of You,Nearness Of You - Eb Item rb2,Real Book 2 v6 (Hal Leonard),1,285,285
Night Song,Night Song - Eb Item rb2,Real Book 2 v6 (Hal Leonard),2,286,287
No Moe,No Moe - Eb Item rb2,Real Book 2 v6 (Hal Leonard),1,288,288
No Splice,No Splice - Eb Item rb2,Real Book 2 v6 (Hal Leonard),1,289,289
North Atlantic Run,North Atlantic Run - Eb Item rb2,Real Book 2 v6 (Hal Leonard),2,290,291
Now See How You Are,Now See How You Are - Eb Item rb2,Real Book 2 v6 (Hal Leonard),1,292,292
Now's The Time,Now's The Time - Eb Item rb2,Real Book 2 v6 (Hal Leonard),1,293,293
Nutville,Nutville - Eb Item rb2,Real Book 2 v6 (Hal Leonard),1,294,294
Off Minor,Off Minor - Eb Item rb2,Real Book 2 v6 (Hal Leonard),1,295,295
Oh What A Beautiful Mornin',Oh What A Beautiful Mornin' - Eb Item rb2,Real Book 2 v6 (Hal Leonard),1,296,296
Old Devil Moon,Old Devil Moon - Eb Item rb2,Real Book 2 v6 (Hal Leonard),1,297,297
On The Sunny Side Of The Street,On The Sunny Side Of The Street - Eb Item rb2,Real Book 2 v6 (Hal Leonard),1,298,298
One By One,One By One - Eb Item rb2,Real Book 2 v6 (Hal Leonard),1,299,299
One Foot In The Gutter,One Foot In The Gutter - Eb Item rb2,Real Book 2 v6 (Hal Leonard),1,300,300
Our Language Of Love,Our Language Of Love - Eb Item rb2,Real Book 2 v6 (Hal Leonard),1,301,301
One Morning In May,One Morning In May - Eb Item rb2,Real Book 2 v6 (Hal Leonard),2,302,303
Out Back Of The Barn,Out Back Of The Barn - Eb Item rb2,Real Book 2 v6 (Hal Leonard),1,304,304
Oye Como Ya,Oye Como Ya - Eb Item rb2,Real Book 2 v6 (Hal Leonard),1,305,305
Pannonic,Pannonic - Eb Item rb2,Real Book 2 v6 (Hal Leonard),1,306,306
Parisian Thoroughfare,Parisian Thoroughfare - Eb Item rb2,Real Book 2 v6 (Hal Leonard),1,307,307
Peel Me A Grape,Peel Me A Grape - Eb Item rb2,Real Book 2 v6 (Hal Leonard),1,308,308
Pennies From Heaven,Pennies From Heaven - Eb Item rb2,Real Book 2 v6 (Hal Leonard),1,309,309
People Will Say We're In Love,People Will Say We're In Love - Eb Item rb2,Real Book 2 v6 (Hal Leonard),1,310,310
Perdido,Perdido - Eb Item rb2,Real Book 2 v6 (Hal Leonard),1,311,311
Petite Fleure,Petite Fleure - Eb Item rb2,Real Book 2 v6 (Hal Leonard),1,312,312
Petits Machins,Petits Machins - Eb Item rb2,Real Book 2 v6 (Hal Leonard),1,313,313
Phase Dance,Phase Dance - Eb Item rb2,Real Book 2 v6 (Hal Leonard),2,314,315
Picadillo (A La Puente),Picadillo (A La Puente) - Eb Item rb2,Real Book 2 v6 (Hal Leonard),1,316,316
Pick Yourself Up,Pick Yourself Up - Eb Item rb2,Real Book 2 v6 (Hal Leonard),1,317,317
Polka Dots And Moonbeams,Polka Dots And Moonbeams - Eb Item rb2,Real Book 2 v6 (Hal Leonard),1,318,318
Portrait Of Jennie,Portrait Of Jennie - Eb Item rb2,Real Book 2 v6 (Hal Leonard),1,319,319
Prisoner Of Love,Prisoner Of Love - Eb Item rb2,Real Book 2 v6 (Hal Leonard),1,320,320
Pursuance,Pursuance - Eb Item rb2,Real Book 2 v6 (Hal Leonard),1,321,321
Question And Answer,Question And Answer - Eb Item rb2,Real Book 2 v6 (Hal Leonard),2,322,323
Quicksilver,Quicksilver - Eb Item rb2,Real Book 2 v6 (Hal Leonard),1,324,324
Ran Kan Kan,Ran Kan Kan - Eb Item rb2,Real Book 2 v6 (Hal Leonard),1,325,325
Red Cross,Red Cross - Eb Item rb2,Real Book 2 v6 (Hal Leonard),1,326,326
Red One (The),Red One (The) - Eb Item rb2,Real Book 2 v6 (Hal Leonard),1,327,327
Rhythm-A-Ning,Rhythm-A-Ning - Eb Item rb2,Real Book 2 v6 (Hal Leonard),1,328,328
Right As Rain,Right As Rain - Eb Item rb2,Real Book 2 v6 (Hal Leonard),1,329,329
Robbin's Nest,Robbin's Nest - Eb Item rb2,Real Book 2 v6 (Hal Leonard),1,330,330
Rockin' In Rhythm,Rockin' In Rhythm - Eb Item rb2,Real Book 2 v6 (Hal Leonard),1,331,331
Rosetta,Rosetta - Eb Item rb2,Real Book 2 v6 (Hal Leonard),1,332,332
Round Trip,Round Trip - Eb Item rb2,Real Book 2 v6 (Hal Leonard),1,333,333
Route 66,Route 66 - Eb Item rb2,Real Book 2 v6 (Hal Leonard),1,334,334
Rubberneck,Rubberneck - Eb Item rb2,Real Book 2 v6 (Hal Leonard),1,335,335
Russian Lullaby,Russian Lullaby - Eb Item rb2,Real Book 2 v6 (Hal Leonard),1,336,336
Sack Of Woe,Sack Of Woe - Eb Item rb2,Real Book 2 v6 (Hal Leonard),1,337,337
Saint James Infirmary,Saint James Infirmary - Eb Item rb2,Real Book 2 v6 (Hal Leonard),1,338,338
Saint Thomas,Saint Thomas - Eb Item rb2,Real Book 2 v6 (Hal Leonard),1,339,339
Salt Peanuts,Salt Peanuts - Eb Item rb2,Real Book 2 v6 (Hal Leonard),1,340,340
Sandu,Sandu - Eb Item rb2,Real Book 2 v6 (Hal Leonard),1,341,341
Say It,Say It - Eb Item rb2,Real Book 2 v6 (Hal Leonard),1,342,342
Sentimental Journey,Sentimental Journey - Eb Item rb2,Real Book 2 v6 (Hal Leonard),1,343,343
September Song,September Song - Eb Item rb2,Real Book 2 v6 (Hal Leonard),1,344,344
Serenade To A Soul Sister,Serenade To A Soul Sister - Eb Item rb2,Real Book 2 v6 (Hal Leonard),1,345,345
Serene,Serene - Eb Item rb2,Real Book 2 v6 (Hal Leonard),1,346,346
Shine,Shine - Eb Item rb2,Real Book 2 v6 (Hal Leonard),1,347,347
Shutterbug,Shutterbug - Eb Item rb2,Real Book 2 v6 (Hal Leonard),1,348,348
Silver's Serenade,Silver's Serenade - Eb Item rb2,Real Book 2 v6 (Hal Leonard),1,349,349
Simone,Simone - Eb Item rb2,Real Book 2 v6 (Hal Leonard),1,350,350
Sippin' At Bell's,Sippin' At Bell's - Eb Item rb2,Real Book 2 v6 (Hal Leonard),1,351,351
Skyliner,Skyliner - Eb Item rb2,Real Book 2 v6 (Hal Leonard),1,352,352
Slipped Disc,Slipped Disc - Eb Item rb2,Real Book 2 v6 (Hal Leonard),1,353,353
Smoke Gets In Your Eyes,Smoke Gets In Your Eyes - Eb Item rb2,Real Book 2 v6 (Hal Leonard),1,354,354
Softly As A Morning Sunrise,Softly As A Morning Sunrise - Eb Item rb2,Real Book 2 v6 (Hal Leonard),1,355,355
Smoke Rings,Smoke Rings - Eb Item rb2,Real Book 2 v6 (Hal Leonard),2,356,357
Some Other Blues,Some Other Blues - Eb Item rb2,Real Book 2 v6 (Hal Leonard),1,358,358
Song For Bilbad,Song For Bilbad - Eb Item rb2,Real Book 2 v6 (Hal Leonard),1,359,359
Song-Bird,Song-Bird - Eb Item rb2,Real Book 2 v6 (Hal Leonard),1,360,360
Soul Eyes,Soul Eyes - Eb Item rb2,Real Book 2 v6 (Hal Leonard),1,361,361
Soultrane,Soultrane - Eb Item rb2,Real Book 2 v6 (Hal Leonard),1,362,362
Speak Like A Child,Speak Like A Child - Eb Item rb2,Real Book 2 v6 (Hal Leonard),1,363,363
Speak Low,Speak Low - Eb Item rb2,Real Book 2 v6 (Hal Leonard),1,364,364
Spiral,Spiral - Eb Item rb2,Real Book 2 v6 (Hal Leonard),1,365,365
St. Louis Blues,St. Louis Blues - Eb Item rb2,Real Book 2 v6 (Hal Leonard),1,366,366
Stardust,Stardust - Eb Item rb2,Real Book 2 v6 (Hal Leonard),1,367,367
Straight Life,Straight Life - Eb Item rb2,Real Book 2 v6 (Hal Leonard),1,368,368
Strayhorn 2,Strayhorn 2 - Eb Item rb2,Real Book 2 v6 (Hal Leonard),1,369,369
Strode Rode,Strode Rode - Eb Item rb2,Real Book 2 v6 (Hal Leonard),1,370,370
Strollin,Strollin - Eb Item rb2,Real Book 2 v6 (Hal Leonard),1,371,371
Struttin' With Some Bar-B-Q,Struttin' With Some Bar-B-Q - Eb Item rb2,Real Book 2 v6 (Hal Leonard),1,372,372
SubConscious Lee,SubConscious Lee - Eb Item rb2,Real Book 2 v6 (Hal Leonard),1,373,373
Suddenly It's Spring,Suddenly It's Spring - Eb Item rb2,Real Book 2 v6 (Hal Leonard),1,374,374
Summer In Central Park,Summer In Central Park - Eb Item rb2,Real Book 2 v6 (Hal Leonard),1,375,375
S'posin',S'posin' - Eb Item rb2,Real Book 2 v6 (Hal Leonard),1,376,376
Sweet Sue-Just You,Sweet Sue-Just You - Eb Item rb2,Real Book 2 v6 (Hal Leonard),1,377,377
Sweetest Sounds(The),Sweetest Sounds(The) - Eb Item rb2,Real Book 2 v6 (Hal Leonard),1,378,378
Swingin' Shepherd Blues,Swingin' Shepherd Blues - Eb Item rb2,Real Book 2 v6 (Hal Leonard),1,379,379
Syeeda's Song Flute,Syeeda's Song Flute - Eb Item rb2,Real Book 2 v6 (Hal Leonard),2,380,381
Tain't What You Do,Tain't What You Do - Eb Item rb2,Real Book 2 v6 (Hal Leonard),1,382,382
Take The Coltrane,Take The Coltrane - Eb Item rb2,Real Book 2 v6 (Hal Leonard),1,383,383
Tanga,Tanga - Eb Item rb2,Real Book 2 v6 (Hal Leonard),2,384,385
Tangerine,Tangerine - Eb Item rb2,Real Book 2 v6 (Hal Leonard),1,386,386
Teenie' Blues,Teenie' Blues - Eb Item rb2,Real Book 2 v6 (Hal Leonard),1,387,387
Tempus Fugit,Tempus Fugit - Eb Item rb2,Real Book 2 v6 (Hal Leonard),1,388,388
Tenderly,Tenderly - Eb Item rb2,Real Book 2 v6 (Hal Leonard),1,389,389
Tenor Madness,Tenor Madness - Eb Item rb2,Real Book 2 v6 (Hal Leonard),1,390,390
There's A Small Hotel,There's A Small Hotel - Eb Item rb2,Real Book 2 v6 (Hal Leonard),1,391,391
These Foolish Things (ReMind Me Of You),These Foolish Things (ReMind Me Of You) - Eb Item rb2,Real Book 2 v6 (Hal Leonard),1,392,392
Things To Come,Things To Come - Eb Item rb2,Real Book 2 v6 (Hal Leonard),1,393,393
Things We Did Last Summer (The),Things We Did Last Summer (The) - Eb Item rb2,Real Book 2 v6 (Hal Leonard),1,394,394
This I Dig Of You,This I Dig Of You - Eb Item rb2,Real Book 2 v6 (Hal Leonard),1,395,395
This Masquerade,This Masquerade - Eb Item rb2,Real Book 2 v6 (Hal Leonard),1,396,396
Three Base Hit,Three Base Hit - Eb Item rb2,Real Book 2 v6 (Hal Leonard),1,397,397
Thumper (The),Thumper (The) - Eb Item rb2,Real Book 2 v6 (Hal Leonard),1,398,398
This Year's Kisses,This Year's Kisses - Eb Item rb2,Real Book 2 v6 (Hal Leonard),1,399,399
Till There was You,Till There was You - Eb Item rb2,Real Book 2 v6 (Hal Leonard),1,400,400
Tippin',Tippin' - Eb Item rb2,Real Book 2 v6 (Hal Leonard),1,401,401
Tomorrow's Destiny,Tomorrow's Destiny - Eb Item rb2,Real Book 2 v6 (Hal Leonard),1,402,402
Too Young,Too Young - Eb Item rb2,Real Book 2 v6 (Hal Leonard),1,403,403
Trane's Blues,Trane's Blues - Eb Item rb2,Real Book 2 v6 (Hal Leonard),1,404,404
Turnaround,Turnaround - Eb Item rb2,Real Book 2 v6 (Hal Leonard),1,405,405
Twisted,Twisted - Eb Item rb2,Real Book 2 v6 (Hal Leonard),1,406,406
Two Cigarettes In The Dark,Two Cigarettes In The Dark - Eb Item rb2,Real Book 2 v6 (Hal Leonard),1,407,407
Two Degrees East Three Degrees West,Two Degrees East Three Degrees West - Eb Item rb2,Real Book 2 v6 (Hal Leonard),1,408,408
Until I Met You,Until I Met You - Eb Item rb2,Real Book 2 v6 (Hal Leonard),1,409,409
Walkin' Shoes,Walkin' Shoes - Eb Item rb2,Real Book 2 v6 (Hal Leonard),1,410,410
Walkin' Thing (A),Walkin' Thing (A) - Eb Item rb2,Real Book 2 v6 (Hal Leonard),1,411,411
Warm Valley,Warm Valley - Eb Item rb2,Real Book 2 v6 (Hal Leonard),1,412,412
Watch What Happens,Watch What Happens - Eb Item rb2,Real Book 2 v6 (Hal Leonard),1,413,413
Water Colors,Water Colors - Eb Item rb2,Real Book 2 v6 (Hal Leonard),1,414,414
Way You Look Tonight(The),Way You Look Tonight(The) - Eb Item rb2,Real Book 2 v6 (Hal Leonard),1,415,415
Weaver Of Dreams (A),Weaver Of Dreams (A) - Eb Item rb2,Real Book 2 v6 (Hal Leonard),1,416,416
Webb City,Webb City - Eb Item rb2,Real Book 2 v6 (Hal Leonard),1,417,417
Wendy,Wendy - Eb Item rb2,Real Book 2 v6 (Hal Leonard),1,418,418
What'll I Do?,What'll I Do? - Eb Item rb2,Real Book 2 v6 (Hal Leonard),1,419,419
What's New,What's New - Eb Item rb2,Real Book 2 v6 (Hal Leonard),1,420,420
When Lights Are Low,When Lights Are Low - Eb Item rb2,Real Book 2 v6 (Hal Leonard),1,421,421
Whisper Not,Whisper Not - Eb Item rb2,Real Book 2 v6 (Hal Leonard),1,422,422
Who Can I Turn To,Who Can I Turn To - Eb Item rb2,Real Book 2 v6 (Hal Leonard),1,423,423
Whopper (The),Whopper (The) - Eb Item rb2,Real Book 2 v6 (Hal Leonard),1,424,424
Why Do I Love You?,Why Do I Love You? - Eb Item rb2,Real Book 2 v6 (Hal Leonard),1,425,425
Willow Weep For Me,Willow Weep For Me - Eb Item rb2,Real Book 2 v6 (Hal Leonard),1,426,426
With A Song In My Heart,With A Song In My Heart - Eb Item rb2,Real Book 2 v6 (Hal Leonard),1,427,427
Without A Song,Without A Song - Eb Item rb2,Real Book 2 v6 (Hal Leonard),1,428,428
Work Song,Work Song - Eb Item rb2,Real Book 2 v6 (Hal Leonard),1,429,429
Wonderful Day Like Today (A),Wonderful Day Like Today (A) - Eb Item rb2,Real Book 2 v6 (Hal Leonard),2,430,431
Wow,Wow - Eb Item rb2,Real Book 2 v6 (Hal Leonard),1,432,432
Yardbird Suite,Yardbird Suite - Eb Item rb2,Real Book 2 v6 (Hal Leonard),1,433,433
You Are Beautiful,You Are Beautiful - Eb Item rb2,Real Book 2 v6 (Hal Leonard),1,434,434
You Can Depend On Me,You Can Depend On Me - Eb Item rb2,Real Book 2 v6 (Hal Leonard),1,435,435
You'd Be So Nice To Come Home To,You'd Be So Nice To Come Home To - Eb Item rb2,Real Book 2 v6 (Hal Leonard),1,436,436
You're My Everything,You're My Everything - Eb Item rb2,Real Book 2 v6 (Hal Leonard),1,437,437
You're Nobody 'Til Somebody Loves You,You're Nobody 'Til Somebody Loves You - Eb Item rb2,Real Book 2 v6 (Hal Leonard),1,438,438
Ablution,Ablution - Eb Page rb2,Real Book 2 v6 (Hal Leonard),1,10,
Adam's Apple,Adam's Apple - Eb Page rb2,Real Book 2 v6 (Hal Leonard),1,11,
Affirmation,Affirmation - Eb Page rb2,Real Book 2 v6 (Hal Leonard),1,12,
Airmail Special,Airmail Special - Eb Page rb2,Real Book 2 v6 (Hal Leonard),1,13,
Alfie's Theme,Alfie's Theme - Eb Page rb2,Real Book 2 v6 (Hal Leonard),1,14,
All Alone,All Alone - Eb Page rb2,Real Book 2 v6 (Hal Leonard),1,15,
My Heart Sings,My Heart Sings - Eb Page rb2,Real Book 2 v6 (Hal Leonard),1,16,
Alto Itis,Alto Itis - Eb Page rb2,Real Book 2 v6 (Hal Leonard),1,17,
Another Star,Another Star - Eb Page rb2,Real Book 2 v6 (Hal Leonard),1,18,
April,April - Eb Page rb2,Real Book 2 v6 (Hal Leonard),1,20,
Are You Havin' Any Fun,Are You Havin' Any Fun - Eb Page rb2,Real Book 2 v6 (Hal Leonard),1,22,
Ask Me Now,Ask Me Now - Eb Page rb2,Real Book 2 v6 (Hal Leonard),1,23,
At The Mambo Inn,At The Mambo Inn - Eb Page rb2,Real Book 2 v6 (Hal Leonard),1,24,
Avalon,Avalon - Eb Page rb2,Real Book 2 v6 (Hal Leonard),1,25,
Azure,Azure - Eb Page rb2,Real Book 2 v6 (Hal Leonard),1,26,
Ba-Lue Bolivar Ba-Lues-Are,Ba-Lue Bolivar Ba-Lues-Are - Eb Page rb2,Real Book 2 v6 (Hal Leonard),1,27,
Baby It's Cold Outside,Baby It's Cold Outside - Eb Page rb2,Real Book 2 v6 (Hal Leonard),1,28,
Bags And Trane,Bags And Trane - Eb Page rb2,Real Book 2 v6 (Hal Leonard),1,29,
Bags' Groove,Bags' Groove - Eb Page rb2,Real Book 2 v6 (Hal Leonard),1,30,
Bali Hai'i,Bali Hai'i - Eb Page rb2,Real Book 2 v6 (Hal Leonard),1,31,
Ballad (A),Ballad (A) - Eb Page rb2,Real Book 2 v6 (Hal Leonard),1,32,
Baltimore Oriole,Baltimore Oriole - Eb Page rb2,Real Book 2 v6 (Hal Leonard),1,34,
Barbados,Barbados - Eb Page rb2,Real Book 2 v6 (Hal Leonard),1,35,
Barbara,Barbara - Eb Page rb2,Real Book 2 v6 (Hal Leonard),1,36,
Basin Street Blues,Basin Street Blues - Eb Page rb2,Real Book 2 v6 (Hal Leonard),1,37,
Be Bop,Be Bop - Eb Page rb2,Real Book 2 v6 (Hal Leonard),1,38,
Better Leave It Alone,Better Leave It Alone - Eb Page rb2,Real Book 2 v6 (Hal Leonard),1,39,
Beyond The Sea,Beyond The Sea - Eb Page rb2,Real Book 2 v6 (Hal Leonard),1,40,
Big P,Big P - Eb Page rb2,Real Book 2 v6 (Hal Leonard),1,41,
Bills' Hit Tune,Bills' Hit Tune - Eb Page rb2,Real Book 2 v6 (Hal Leonard),1,42,
Billie's Blues,Billie's Blues - Eb Page rb2,Real Book 2 v6 (Hal Leonard),1,43,
Billie's Bounce,Billie's Bounce - Eb Page rb2,Real Book 2 v6 (Hal Leonard),1,44,
Bird Feathers,Bird Feathers - Eb Page rb2,Real Book 2 v6 (Hal Leonard),1,45,
Birdland,Birdland - Eb Page rb2,Real Book 2 v6 (Hal Leonard),1,46,
Birk's Works,Birk's Works - Eb Page rb2,Real Book 2 v6 (Hal Leonard),1,48,
Birth Of The Blues,Birth Of The Blues - Eb Page rb2,Real Book 2 v6 (Hal Leonard),1,49,
Black And Tan Fantasy,Black And Tan Fantasy - Eb Page rb2,Real Book 2 v6 (Hal Leonard),1,50,
Blame It On My Youth,Blame It On My Youth - Eb Page rb2,Real Book 2 v6 (Hal Leonard),1,51,
Bloomdido,Bloomdido - Eb Page rb2,Real Book 2 v6 (Hal Leonard),1,52,
Blow Mr Dexter,Blow Mr Dexter - Eb Page rb2,Real Book 2 v6 (Hal Leonard),1,53,
Blue 'N Boogie',Blue 'N Boogie' - Eb Page rb2,Real Book 2 v6 (Hal Leonard),1,54,
Blue Serge,Blue Serge - Eb Page rb2,Real Book 2 v6 (Hal Leonard),1,55,
Blue Seven,Blue Seven - Eb Page rb2,Real Book 2 v6 (Hal Leonard),1,56,
Blue Silver,Blue Silver - Eb Page rb2,Real Book 2 v6 (Hal Leonard),1,57,
Blue Skies,Blue Skies - Eb Page rb2,Real Book 2 v6 (Hal Leonard),1,58,
Blues By Five,Blues By Five - Eb Page rb2,Real Book 2 v6 (Hal Leonard),1,59,
Blues For Wood,Blues For Wood - Eb Page rb2,Real Book 2 v6 (Hal Leonard),1,60,
Blues In The Closet,Blues In The Closet - Eb Page rb2,Real Book 2 v6 (Hal Leonard),1,61,
Blue March,Blue March - Eb Page rb2,Real Book 2 v6 (Hal Leonard),1,62,
Bohemia After Dark,Bohemia After Dark - Eb Page rb2,Real Book 2 v6 (Hal Leonard),1,63,
Booker's Waltz,Booker's Waltz - Eb Page rb2,Real Book 2 v6 (Hal Leonard),1,64,
Brian's Song,Brian's Song - Eb Page rb2,Real Book 2 v6 (Hal Leonard),1,65,
Bouncing With Bud,Bouncing With Bud - Eb Page rb2,Real Book 2 v6 (Hal Leonard),1,66,
Bright Boy,Bright Boy - Eb Page rb2,Real Book 2 v6 (Hal Leonard),1,68,
Brilliant Corners,Brilliant Corners - Eb Page rb2,Real Book 2 v6 (Hal Leonard),1,69,
Budo,Budo - Eb Page rb2,Real Book 2 v6 (Hal Leonard),1,70,
Bunko,Bunko - Eb Page rb2,Real Book 2 v6 (Hal Leonard),1,71,
Buster Rides Again,Buster Rides Again - Eb Page rb2,Real Book 2 v6 (Hal Leonard),1,72,
Bye Bye Blackbird,Bye Bye Blackbird - Eb Page rb2,Real Book 2 v6 (Hal Leonard),1,73,
C Jam Blues,C Jam Blues - Eb Page rb2,Real Book 2 v6 (Hal Leonard),1,74,
Candy,Candy - Eb Page rb2,Real Book 2 v6 (Hal Leonard),1,75,
Cantelope Island,Cantelope Island - Eb Page rb2,Real Book 2 v6 (Hal Leonard),1,76,
Caravan,Caravan - Eb Page rb2,Real Book 2 v6 (Hal Leonard),1,77,
Cast Your Fat To The Wind,Cast Your Fat To The Wind - Eb Page rb2,Real Book 2 v6 (Hal Leonard),1,78,
Chameleon,Chameleon - Eb Page rb2,Real Book 2 v6 (Hal Leonard),1,79,
Champ (The),Champ (The) - Eb Page rb2,Real Book 2 v6 (Hal Leonard),1,80,
Chasin' The Train,Chasin' The Train - Eb Page rb2,Real Book 2 v6 (Hal Leonard),1,81,
Cheese Cake,Cheese Cake - Eb Page rb2,Real Book 2 v6 (Hal Leonard),1,82,
Circle,Circle - Eb Page rb2,Real Book 2 v6 (Hal Leonard),1,84,
Close Your Eyes,Close Your Eyes - Eb Page rb2,Real Book 2 v6 (Hal Leonard),1,86,
Cold Duck Time,Cold Duck Time - Eb Page rb2,Real Book 2 v6 (Hal Leonard),1,87,
Come Rain Or Come Shine,Come Rain Or Come Shine - Eb Page rb2,Real Book 2 v6 (Hal Leonard),1,88,
Comin' Home Baby,Comin' Home Baby - Eb Page rb2,Real Book 2 v6 (Hal Leonard),1,89,
Cooker (The),Cooker (The) - Eb Page rb2,Real Book 2 v6 (Hal Leonard),1,90,
Cool Blues,Cool Blues - Eb Page rb2,Real Book 2 v6 (Hal Leonard),1,91,
Core (The),Core (The) - Eb Page rb2,Real Book 2 v6 (Hal Leonard),1,92,
Cousin Mary,Cousin Mary - Eb Page rb2,Real Book 2 v6 (Hal Leonard),1,93,
Crazeology,Crazeology - Eb Page rb2,Real Book 2 v6 (Hal Leonard),1,94,
Crepuscule,Crepuscule - Eb Page rb2,Real Book 2 v6 (Hal Leonard),1,95,
Criss Cross,Criss Cross - Eb Page rb2,Real Book 2 v6 (Hal Leonard),1,96,
Cross Current,Cross Current - Eb Page rb2,Real Book 2 v6 (Hal Leonard),1,97,
Dance Of The Infidels,Dance Of The Infidels - Eb Page rb2,Real Book 2 v6 (Hal Leonard),1,98,
Dat Dere,Dat Dere - Eb Page rb2,Real Book 2 v6 (Hal Leonard),1,99,
Day By Day,Day By Day - Eb Page rb2,Real Book 2 v6 (Hal Leonard),1,100,
Dewey Square,Dewey Square - Eb Page rb2,Real Book 2 v6 (Hal Leonard),1,101,
Dexter Rides Again,Dexter Rides Again - Eb Page rb2,Real Book 2 v6 (Hal Leonard),1,102,
Didn't We,Didn't We - Eb Page rb2,Real Book 2 v6 (Hal Leonard),1,103,
Dinah,Dinah - Eb Page rb2,Real Book 2 v6 (Hal Leonard),1,104,
Dindi,Dindi - Eb Page rb2,Real Book 2 v6 (Hal Leonard),1,105,
Do I Love You Because You're Beautiful?,Do I Love You Because You're Beautiful? - Eb Page rb2,Real Book 2 v6 (Hal Leonard),1,106,
Do Nothing Till You Hear From Me,Do Nothing Till You Hear From Me - Eb Page rb2,Real Book 2 v6 (Hal Leonard),1,107,
Do You Know What It Means To Miss New Orleans,Do You Know What It Means To Miss New Orleans - Eb Page rb2,Real Book 2 v6 (Hal Leonard),1,108,
Don't Explain,Don't Explain - Eb Page rb2,Real Book 2 v6 (Hal Leonard),1,109,
Down For Double,Down For Double - Eb Page rb2,Real Book 2 v6 (Hal Leonard),1,110,
Doxy,Doxy - Eb Page rb2,Real Book 2 v6 (Hal Leonard),1,111,
Drive (The),Drive (The) - Eb Page rb2,Real Book 2 v6 (Hal Leonard),1,112,
Duff,Duff - Eb Page rb2,Real Book 2 v6 (Hal Leonard),1,113,
Early Autumn,Early Autumn - Eb Page rb2,Real Book 2 v6 (Hal Leonard),1,114,
Eclypso,Eclypso - Eb Page rb2,Real Book 2 v6 (Hal Leonard),1,115,
Einbahnstrasse,Einbahnstrasse - Eb Page rb2,Real Book 2 v6 (Hal Leonard),1,116,
Elora,Elora - Eb Page rb2,Real Book 2 v6 (Hal Leonard),1,117,
Emancipation Blues,Emancipation Blues - Eb Page rb2,Real Book 2 v6 (Hal Leonard),1,118,
Epilogue,Epilogue - Eb Page rb2,Real Book 2 v6 (Hal Leonard),1,119,
Estate,Estate - Eb Page rb2,Real Book 2 v6 (Hal Leonard),1,120,
Everything I Have Is Yours,Everything I Have Is Yours - Eb Page rb2,Real Book 2 v6 (Hal Leonard),1,121,
Eye Of The Hurricane,Eye Of The Hurricane - Eb Page rb2,Real Book 2 v6 (Hal Leonard),1,122,
Farmer's Trust,Farmer's Trust - Eb Page rb2,Real Book 2 v6 (Hal Leonard),1,123,
Ezz-Thetic,Ezz-Thetic - Eb Page rb2,Real Book 2 v6 (Hal Leonard),1,124,
Feels So Good,Feels So Good - Eb Page rb2,Real Book 2 v6 (Hal Leonard),1,126,
Fever,Fever - Eb Page rb2,Real Book 2 v6 (Hal Leonard),1,128,
52nd Street Theme,52nd Street Theme - Eb Page rb2,Real Book 2 v6 (Hal Leonard),1,129,
Filthy McNasty,Filthy McNasty - Eb Page rb2,Real Book 2 v6 (Hal Leonard),1,130,
First Trip,First Trip - Eb Page rb2,Real Book 2 v6 (Hal Leonard),1,131,
Five Brothers,Five Brothers - Eb Page rb2,Real Book 2 v6 (Hal Leonard),1,132,
Five Spot After Dark,Five Spot After Dark - Eb Page rb2,Real Book 2 v6 (Hal Leonard),1,133,
Flower Is A Lonesome Thing (A),Flower Is A Lonesome Thing (A) - Eb Page rb2,Real Book 2 v6 (Hal Leonard),1,134,
Fly Me To The Moon,Fly Me To The Moon - Eb Page rb2,Real Book 2 v6 (Hal Leonard),1,135,
Flying Home,Flying Home - Eb Page rb2,Real Book 2 v6 (Hal Leonard),1,136,
Folks Who Live On The Hill (The),Folks Who Live On The Hill (The) - Eb Page rb2,Real Book 2 v6 (Hal Leonard),1,137,
Four Brothers,Four Brothers - Eb Page rb2,Real Book 2 v6 (Hal Leonard),1,138,
Freight Trane,Freight Trane - Eb Page rb2,Real Book 2 v6 (Hal Leonard),1,139,
Fox Hunt,Fox Hunt - Eb Page rb2,Real Book 2 v6 (Hal Leonard),1,140,
Frenesi,Frenesi - Eb Page rb2,Real Book 2 v6 (Hal Leonard),1,142,
Frim Fram Sauce (The),Frim Fram Sauce (The) - Eb Page rb2,Real Book 2 v6 (Hal Leonard),1,143,
Funky,Funky - Eb Page rb2,Real Book 2 v6 (Hal Leonard),1,144,
Georgia On My Mind,Georgia On My Mind - Eb Page rb2,Real Book 2 v6 (Hal Leonard),1,145,
Get Me To The Church On Time,Get Me To The Church On Time - Eb Page rb2,Real Book 2 v6 (Hal Leonard),1,146,
Get Out Of Town,Get Out Of Town - Eb Page rb2,Real Book 2 v6 (Hal Leonard),1,148,
Gettin' It Togetha,Gettin' It Togetha - Eb Page rb2,Real Book 2 v6 (Hal Leonard),1,149,
Gift! (The),Gift! (The) - Eb Page rb2,Real Book 2 v6 (Hal Leonard),1,150,
Girl Talk,Girl Talk - Eb Page rb2,Real Book 2 v6 (Hal Leonard),1,151,
Gravy Waltz,Gravy Waltz - Eb Page rb2,Real Book 2 v6 (Hal Leonard),1,152,
Gregory Is Here,Gregory Is Here - Eb Page rb2,Real Book 2 v6 (Hal Leonard),1,153,
Groove Yard,Groove Yard - Eb Page rb2,Real Book 2 v6 (Hal Leonard),1,154,
Hackensack,Hackensack - Eb Page rb2,Real Book 2 v6 (Hal Leonard),1,155,
Hallucinations,Hallucinations - Eb Page rb2,Real Book 2 v6 (Hal Leonard),1,156,
Happy Little Sunbeam,Happy Little Sunbeam - Eb Page rb2,Real Book 2 v6 (Hal Leonard),1,157,
Havona,Havona - Eb Page rb2,Real Book 2 v6 (Hal Leonard),1,158,
Head And Shoulders,Head And Shoulders - Eb Page rb2,Real Book 2 v6 (Hal Leonard),1,160,
High Fly,High Fly - Eb Page rb2,Real Book 2 v6 (Hal Leonard),1,161,
Hi Beck,Hi Beck - Eb Page rb2,Real Book 2 v6 (Hal Leonard),1,162,
Ho-Ba-La-La,Ho-Ba-La-La - Eb Page rb2,Real Book 2 v6 (Hal Leonard),1,164,
Hocus Pocus,Hocus Pocus - Eb Page rb2,Real Book 2 v6 (Hal Leonard),1,165,
Holy Land,Holy Land - Eb Page rb2,Real Book 2 v6 (Hal Leonard),1,166,
Honeysuckle Rose,Honeysuckle Rose - Eb Page rb2,Real Book 2 v6 (Hal Leonard),1,167,
Horace Scope,Horace Scope - Eb Page rb2,Real Book 2 v6 (Hal Leonard),1,168,
Hucklebuck (The),Hucklebuck (The) - Eb Page rb2,Real Book 2 v6 (Hal Leonard),1,169,
Hummin,Hummin - Eb Page rb2,Real Book 2 v6 (Hal Leonard),1,170,
Humpty Dumpty,Humpty Dumpty - Eb Page rb2,Real Book 2 v6 (Hal Leonard),1,171,
I Believe In You,I Believe In You - Eb Page rb2,Real Book 2 v6 (Hal Leonard),1,172,
I Don't Stand A Ghost Of A Chance,I Don't Stand A Ghost Of A Chance - Eb Page rb2,Real Book 2 v6 (Hal Leonard),1,173,
I Get Along Without You Very Well,I Get Along Without You Very Well - Eb Page rb2,Real Book 2 v6 (Hal Leonard),1,174,
I Have Dreamed,I Have Dreamed - Eb Page rb2,Real Book 2 v6 (Hal Leonard),1,176,
I Hear A Rhapsody,I Hear A Rhapsody - Eb Page rb2,Real Book 2 v6 (Hal Leonard),1,177,
I Remember Bird,I Remember Bird - Eb Page rb2,Real Book 2 v6 (Hal Leonard),1,178,
I Remember You,I Remember You - Eb Page rb2,Real Book 2 v6 (Hal Leonard),1,179,
I Thought About You,I Thought About You - Eb Page rb2,Real Book 2 v6 (Hal Leonard),1,180,
I Will Wait For You,I Will Wait For You - Eb Page rb2,Real Book 2 v6 (Hal Leonard),1,181,
I Wish I Didn't Love You So,I Wish I Didn't Love You So - Eb Page rb2,Real Book 2 v6 (Hal Leonard),1,182,
I'll Know,I'll Know - Eb Page rb2,Real Book 2 v6 (Hal Leonard),1,183,
I'm A Fool To Want You,I'm A Fool To Want You - Eb Page rb2,Real Book 2 v6 (Hal Leonard),1,184,
I'm Confessin' (That I Love You),I'm Confessin' (That I Love You) - Eb Page rb2,Real Book 2 v6 (Hal Leonard),1,185,
I'm Just A Lucky So And So,I'm Just A Lucky So And So - Eb Page rb2,Real Book 2 v6 (Hal Leonard),1,186,
I'm Putting All My Eggs In One Basket,I'm Putting All My Eggs In One Basket - Eb Page rb2,Real Book 2 v6 (Hal Leonard),1,187,
I've Found A New Baby,I've Found A New Baby - Eb Page rb2,Real Book 2 v6 (Hal Leonard),1,188,
I've Told Ev'ry Little Star,I've Told Ev'ry Little Star - Eb Page rb2,Real Book 2 v6 (Hal Leonard),1,189,
Ice Cream Konitz,Ice Cream Konitz - Eb Page rb2,Real Book 2 v6 (Hal Leonard),1,190,
Idol Gossip,Idol Gossip - Eb Page rb2,Real Book 2 v6 (Hal Leonard),1,191,
If I Loved You,If I Loved You - Eb Page rb2,Real Book 2 v6 (Hal Leonard),1,192,
If I Should Lose You,If I Should Lose You - Eb Page rb2,Real Book 2 v6 (Hal Leonard),1,193,
If I were A Bell,If I were A Bell - Eb Page rb2,Real Book 2 v6 (Hal Leonard),1,194,
Imagination,Imagination - Eb Page rb2,Real Book 2 v6 (Hal Leonard),1,195,
In Case You Haven't Heard,In Case You Haven't Heard - Eb Page rb2,Real Book 2 v6 (Hal Leonard),1,196,
In Pursuit Of The 27th Man,In Pursuit Of The 27th Man - Eb Page rb2,Real Book 2 v6 (Hal Leonard),1,197,
In The Still Of The Night,In The Still Of The Night - Eb Page rb2,Real Book 2 v6 (Hal Leonard),1,198,
In Walked Bud,In Walked Bud - Eb Page rb2,Real Book 2 v6 (Hal Leonard),1,200,
Indiana,Indiana - Eb Page rb2,Real Book 2 v6 (Hal Leonard),1,201,
Infant Eyes,Infant Eyes - Eb Page rb2,Real Book 2 v6 (Hal Leonard),1,202,
Island Birdie,Island Birdie - Eb Page rb2,Real Book 2 v6 (Hal Leonard),1,203,
It Could Happen To You,It Could Happen To You - Eb Page rb2,Real Book 2 v6 (Hal Leonard),1,204,
It Might As Well Be Spring,It Might As Well Be Spring - Eb Page rb2,Real Book 2 v6 (Hal Leonard),1,205,
It Will Have To Do Until The Real Thing Comes Along,It Will Have To Do Until The Real Thing Comes Along - Eb Page rb2,Real Book 2 v6 (Hal Leonard),1,206,
It's A Blue World,It's A Blue World - Eb Page rb2,Real Book 2 v6 (Hal Leonard),1,207,
It's All Right With Me,It's All Right With Me - Eb Page rb2,Real Book 2 v6 (Hal Leonard),1,208,
It's Only A Paper Moon,It's Only A Paper Moon - Eb Page rb2,Real Book 2 v6 (Hal Leonard),1,209,
It's So Peaceful In The Country,It's So Peaceful In The Country - Eb Page rb2,Real Book 2 v6 (Hal Leonard),1,210,
Jackie,Jackie - Eb Page rb2,Real Book 2 v6 (Hal Leonard),1,211,
Jeannine,Jeannine - Eb Page rb2,Real Book 2 v6 (Hal Leonard),1,212,
Jingles,Jingles - Eb Page rb2,Real Book 2 v6 (Hal Leonard),1,213,
Jitterbug Waltz,Jitterbug Waltz - Eb Page rb2,Real Book 2 v6 (Hal Leonard),1,214,
Jody Grind,Jody Grind - Eb Page rb2,Real Book 2 v6 (Hal Leonard),1,215,
Joyce's Samba,Joyce's Samba - Eb Page rb2,Real Book 2 v6 (Hal Leonard),1,216,
Jump Jive An' Wail,Jump Jive An' Wail - Eb Page rb2,Real Book 2 v6 (Hal Leonard),1,217,
Jumping With Symphony Sid,Jumping With Symphony Sid - Eb Page rb2,Real Book 2 v6 (Hal Leonard),1,218,
June Is Bustin' Out All Over,June Is Bustin' Out All Over - Eb Page rb2,Real Book 2 v6 (Hal Leonard),1,219,
Just A Few,Just A Few - Eb Page rb2,Real Book 2 v6 (Hal Leonard),1,220,
Just A-Sittin' and A-Rockin',Just A-Sittin' and A-Rockin' - Eb Page rb2,Real Book 2 v6 (Hal Leonard),1,221,
Just In Time,Just In Time - Eb Page rb2,Real Book 2 v6 (Hal Leonard),1,222,
Kary's Trance,Kary's Trance - Eb Page rb2,Real Book 2 v6 (Hal Leonard),1,223,
Just The Way You Are,Just The Way You Are - Eb Page rb2,Real Book 2 v6 (Hal Leonard),1,224,
Katrina Ballerina,Katrina Ballerina - Eb Page rb2,Real Book 2 v6 (Hal Leonard),1,226,
Kicker (The),Kicker (The) - Eb Page rb2,Real Book 2 v6 (Hal Leonard),1,227,
Kids Are Pretty People,Kids Are Pretty People - Eb Page rb2,Real Book 2 v6 (Hal Leonard),1,228,
Killer Joe,Killer Joe - Eb Page rb2,Real Book 2 v6 (Hal Leonard),1,229,
Lady Day,Lady Day - Eb Page rb2,Real Book 2 v6 (Hal Leonard),1,230,
Lakes,Lakes - Eb Page rb2,Real Book 2 v6 (Hal Leonard),1,231,
Last Night When We Were Young,Last Night When We Were Young - Eb Page rb2,Real Book 2 v6 (Hal Leonard),1,232,
Last Time I Saw Paris (The),Last Time I Saw Paris (The) - Eb Page rb2,Real Book 2 v6 (Hal Leonard),1,233,
Leila,Leila - Eb Page rb2,Real Book 2 v6 (Hal Leonard),1,234,
Lennie's Pennies,Lennie's Pennies - Eb Page rb2,Real Book 2 v6 (Hal Leonard),1,235,
Let's Cool One,Let's Cool One - Eb Page rb2,Real Book 2 v6 (Hal Leonard),1,236,
Let's Fall In Love,Let's Fall In Love - Eb Page rb2,Real Book 2 v6 (Hal Leonard),1,237,
Let's Get Lost,Let's Get Lost - Eb Page rb2,Real Book 2 v6 (Hal Leonard),1,238,
Like Sonny,Like Sonny - Eb Page rb2,Real Book 2 v6 (Hal Leonard),1,239,
Like Young,Like Young - Eb Page rb2,Real Book 2 v6 (Hal Leonard),1,240,
Limbo,Limbo - Eb Page rb2,Real Book 2 v6 (Hal Leonard),1,241,
Little Chicago Fire,Little Chicago Fire - Eb Page rb2,Real Book 2 v6 (Hal Leonard),1,242,
Little Rootie Tootie,Little Rootie Tootie - Eb Page rb2,Real Book 2 v6 (Hal Leonard),1,243,
Little Sunflower,Little Sunflower - Eb Page rb2,Real Book 2 v6 (Hal Leonard),1,244,
Locomotion,Locomotion - Eb Page rb2,Real Book 2 v6 (Hal Leonard),1,245,
Lone Jack,Lone Jack - Eb Page rb2,Real Book 2 v6 (Hal Leonard),1,246,
Lonely Dreams,Lonely Dreams - Eb Page rb2,Real Book 2 v6 (Hal Leonard),1,248,
Look For The Silver Lining,Look For The Silver Lining - Eb Page rb2,Real Book 2 v6 (Hal Leonard),1,249,
Lotus Blossom,Lotus Blossom - Eb Page rb2,Real Book 2 v6 (Hal Leonard),1,250,
Love Is Just Around The Corner,Love Is Just Around The Corner - Eb Page rb2,Real Book 2 v6 (Hal Leonard),1,251,
Love Look Away,Love Look Away - Eb Page rb2,Real Book 2 v6 (Hal Leonard),1,252,
Love Vibrations,Love Vibrations - Eb Page rb2,Real Book 2 v6 (Hal Leonard),1,253,
Lovely Way To Spend An Evening (A),Lovely Way To Spend An Evening (A) - Eb Page rb2,Real Book 2 v6 (Hal Leonard),1,254,
Lover Man,Lover Man - Eb Page rb2,Real Book 2 v6 (Hal Leonard),1,255,
Lover,Lover - Eb Page rb2,Real Book 2 v6 (Hal Leonard),1,256,
Make Someone Happy,Make Someone Happy - Eb Page rb2,Real Book 2 v6 (Hal Leonard),1,258,
Manteca,Manteca - Eb Page rb2,Real Book 2 v6 (Hal Leonard),1,259,
Memories Of You,Memories Of You - Eb Page rb2,Real Book 2 v6 (Hal Leonard),1,260,
Menina Flor,Menina Flor - Eb Page rb2,Real Book 2 v6 (Hal Leonard),1,261,
Mercy Mercy Mercy,Mercy Mercy Mercy - Eb Page rb2,Real Book 2 v6 (Hal Leonard),1,262,
Minor Mishap,Minor Mishap - Eb Page rb2,Real Book 2 v6 (Hal Leonard),1,263,
Mile Ahead,Mile Ahead - Eb Page rb2,Real Book 2 v6 (Hal Leonard),1,264,
Minor Mood,Minor Mood - Eb Page rb2,Real Book 2 v6 (Hal Leonard),1,266,
Mr. Broadway Theme From,Mr. Broadway Theme From - Eb Page rb2,Real Book 2 v6 (Hal Leonard),1,267,
Mr. Magic,Mr. Magic - Eb Page rb2,Real Book 2 v6 (Hal Leonard),1,268,
Monk's Mood,Monk's Mood - Eb Page rb2,Real Book 2 v6 (Hal Leonard),1,269,
Moanin',Moanin' - Eb Page rb2,Real Book 2 v6 (Hal Leonard),1,270,
Moak's Shop,Moak's Shop - Eb Page rb2,Real Book 2 v6 (Hal Leonard),1,272,
Moon Rays,Moon Rays - Eb Page rb2,Real Book 2 v6 (Hal Leonard),1,273,
Moon River,Moon River - Eb Page rb2,Real Book 2 v6 (Hal Leonard),1,274,
Moon Glow,Moon Glow - Eb Page rb2,Real Book 2 v6 (Hal Leonard),1,275,
Moose The Mooche,Moose The Mooche - Eb Page rb2,Real Book 2 v6 (Hal Leonard),1,276,
More Than You Know,More Than You Know - Eb Page rb2,Real Book 2 v6 (Hal Leonard),1,277,
Morning Dance,Morning Dance - Eb Page rb2,Real Book 2 v6 (Hal Leonard),1,278,
Moten Swing,Moten Swing - Eb Page rb2,Real Book 2 v6 (Hal Leonard),1,279,
Move,Move - Eb Page rb2,Real Book 2 v6 (Hal Leonard),1,280,
My Attorney Bernie,My Attorney Bernie - Eb Page rb2,Real Book 2 v6 (Hal Leonard),1,281,
My Little Suede Shoes,My Little Suede Shoes - Eb Page rb2,Real Book 2 v6 (Hal Leonard),1,282,
My old Flame,My old Flame - Eb Page rb2,Real Book 2 v6 (Hal Leonard),1,283,
Nature Boy,Nature Boy - Eb Page rb2,Real Book 2 v6 (Hal Leonard),1,284,
Nearness Of You,Nearness Of You - Eb Page rb2,Real Book 2 v6 (Hal Leonard),1,285,
Night Song,Night Song - Eb Page rb2,Real Book 2 v6 (Hal Leonard),1,286,
No Moe,No Moe - Eb Page rb2,Real Book 2 v6 (Hal Leonard),1,288,
No Splice,No Splice - Eb Page rb2,Real Book 2 v6 (Hal Leonard),1,289,
North Atlantic Run,North Atlantic Run - Eb Page rb2,Real Book 2 v6 (Hal Leonard),1,290,
Now See How You Are,Now See How You Are - Eb Page rb2,Real Book 2 v6 (Hal Leonard),1,292,
Now's The Time,Now's The Time - Eb Page rb2,Real Book 2 v6 (Hal Leonard),1,293,
Nutville,Nutville - Eb Page rb2,Real Book 2 v6 (Hal Leonard),1,294,
Off Minor,Off Minor - Eb Page rb2,Real Book 2 v6 (Hal Leonard),1,295,
Oh What A Beautiful Mornin',Oh What A Beautiful Mornin' - Eb Page rb2,Real Book 2 v6 (Hal Leonard),1,296,
Old Devil Moon,Old Devil Moon - Eb Page rb2,Real Book 2 v6 (Hal Leonard),1,297,
On The Sunny Side Of The Street,On The Sunny Side Of The Street - Eb Page rb2,Real Book 2 v6 (Hal Leonard),1,298,
One By One,One By One - Eb Page rb2,Real Book 2 v6 (Hal Leonard),1,299,
One Foot In The Gutter,One Foot In The Gutter - Eb Page rb2,Real Book 2 v6 (Hal Leonard),1,300,
Our Language Of Love,Our Language Of Love - Eb Page rb2,Real Book 2 v6 (Hal Leonard),1,301,
One Morning In May,One Morning In May - Eb Page rb2,Real Book 2 v6 (Hal Leonard),1,302,
Out Back Of The Barn,Out Back Of The Barn - Eb Page rb2,Real Book 2 v6 (Hal Leonard),1,304,
Oye Como Ya,Oye Como Ya - Eb Page rb2,Real Book 2 v6 (Hal Leonard),1,305,
Pannonic,Pannonic - Eb Page rb2,Real Book 2 v6 (Hal Leonard),1,306,
Parisian Thoroughfare,Parisian Thoroughfare - Eb Page rb2,Real Book 2 v6 (Hal Leonard),1,307,
Peel Me A Grape,Peel Me A Grape - Eb Page rb2,Real Book 2 v6 (Hal Leonard),1,308,
Pennies From Heaven,Pennies From Heaven - Eb Page rb2,Real Book 2 v6 (Hal Leonard),1,309,
People Will Say We're In Love,People Will Say We're In Love - Eb Page rb2,Real Book 2 v6 (Hal Leonard),1,310,
Perdido,Perdido - Eb Page rb2,Real Book 2 v6 (Hal Leonard),1,311,
Petite Fleure,Petite Fleure - Eb Page rb2,Real Book 2 v6 (Hal Leonard),1,312,
Petits Machins,Petits Machins - Eb Page rb2,Real Book 2 v6 (Hal Leonard),1,313,
Phase Dance,Phase Dance - Eb Page rb2,Real Book 2 v6 (Hal Leonard),1,314,
Picadillo (A La Puente),Picadillo (A La Puente) - Eb Page rb2,Real Book 2 v6 (Hal Leonard),1,316,
Pick Yourself Up,Pick Yourself Up - Eb Page rb2,Real Book 2 v6 (Hal Leonard),1,317,
Polka Dots And Moonbeams,Polka Dots And Moonbeams - Eb Page rb2,Real Book 2 v6 (Hal Leonard),1,318,
Portrait Of Jennie,Portrait Of Jennie - Eb Page rb2,Real Book 2 v6 (Hal Leonard),1,319,
Prisoner Of Love,Prisoner Of Love - Eb Page rb2,Real Book 2 v6 (Hal Leonard),1,320,
Pursuance,Pursuance - Eb Page rb2,Real Book 2 v6 (Hal Leonard),1,321,
Question And Answer,Question And Answer - Eb Page rb2,Real Book 2 v6 (Hal Leonard),1,322,
Quicksilver,Quicksilver - Eb Page rb2,Real Book 2 v6 (Hal Leonard),1,324,
Ran Kan Kan,Ran Kan Kan - Eb Page rb2,Real Book 2 v6 (Hal Leonard),1,325,
Red Cross,Red Cross - Eb Page rb2,Real Book 2 v6 (Hal Leonard),1,326,
Red One (The),Red One (The) - Eb Page rb2,Real Book 2 v6 (Hal Leonard),1,327,
Rhythm-A-Ning,Rhythm-A-Ning - Eb Page rb2,Real Book 2 v6 (Hal Leonard),1,328,
Right As Rain,Right As Rain - Eb Page rb2,Real Book 2 v6 (Hal Leonard),1,329,
Robbin's Nest,Robbin's Nest - Eb Page rb2,Real Book 2 v6 (Hal Leonard),1,330,
Rockin' In Rhythm,Rockin' In Rhythm - Eb Page rb2,Real Book 2 v6 (Hal Leonard),1,331,
Rosetta,Rosetta - Eb Page rb2,Real Book 2 v6 (Hal Leonard),1,332,
Round Trip,Round Trip - Eb Page rb2,Real Book 2 v6 (Hal Leonard),1,333,
Route 66,Route 66 - Eb Page rb2,Real Book 2 v6 (Hal Leonard),1,334,
Rubberneck,Rubberneck - Eb Page rb2,Real Book 2 v6 (Hal Leonard),1,335,
Russian Lullaby,Russian Lullaby - Eb Page rb2,Real Book 2 v6 (Hal Leonard),1,336,
Sack Of Woe,Sack Of Woe - Eb Page rb2,Real Book 2 v6 (Hal Leonard),1,337,
Saint James Infirmary,Saint James Infirmary - Eb Page rb2,Real Book 2 v6 (Hal Leonard),1,338,
Saint Thomas,Saint Thomas - Eb Page rb2,Real Book 2 v6 (Hal Leonard),1,339,
Salt Peanuts,Salt Peanuts - Eb Page rb2,Real Book 2 v6 (Hal Leonard),1,340,
Sandu,Sandu - Eb Page rb2,Real Book 2 v6 (Hal Leonard),1,341,
Say It,Say It - Eb Page rb2,Real Book 2 v6 (Hal Leonard),1,342,
Sentimental Journey,Sentimental Journey - Eb Page rb2,Real Book 2 v6 (Hal Leonard),1,343,
September Song,September Song - Eb Page rb2,Real Book 2 v6 (Hal Leonard),1,344,
Serenade To A Soul Sister,Serenade To A Soul Sister - Eb Page rb2,Real Book 2 v6 (Hal Leonard),1,345,
Serene,Serene - Eb Page rb2,Real Book 2 v6 (Hal Leonard),1,346,
Shine,Shine - Eb Page rb2,Real Book 2 v6 (Hal Leonard),1,347,
Shutterbug,Shutterbug - Eb Page rb2,Real Book 2 v6 (Hal Leonard),1,348,
Silver's Serenade,Silver's Serenade - Eb Page rb2,Real Book 2 v6 (Hal Leonard),1,349,
Simone,Simone - Eb Page rb2,Real Book 2 v6 (Hal Leonard),1,350,
Sippin' At Bell's,Sippin' At Bell's - Eb Page rb2,Real Book 2 v6 (Hal Leonard),1,351,
Skyliner,Skyliner - Eb Page rb2,Real Book 2 v6 (Hal Leonard),1,352,
Slipped Disc,Slipped Disc - Eb Page rb2,Real Book 2 v6 (Hal Leonard),1,353,
Smoke Gets In Your Eyes,Smoke Gets In Your Eyes - Eb Page rb2,Real Book 2 v6 (Hal Leonard),1,354,
Softly As A Morning Sunrise,Softly As A Morning Sunrise - Eb Page rb2,Real Book 2 v6 (Hal Leonard),1,355,
Smoke Rings,Smoke Rings - Eb Page rb2,Real Book 2 v6 (Hal Leonard),1,356,
Some Other Blues,Some Other Blues - Eb Page rb2,Real Book 2 v6 (Hal Leonard),1,358,
Song For Bilbad,Song For Bilbad - Eb Page rb2,Real Book 2 v6 (Hal Leonard),1,359,
Song-Bird,Song-Bird - Eb Page rb2,Real Book 2 v6 (Hal Leonard),1,360,
Soul Eyes,Soul Eyes - Eb Page rb2,Real Book 2 v6 (Hal Leonard),1,361,
Soultrane,Soultrane - Eb Page rb2,Real Book 2 v6 (Hal Leonard),1,362,
Speak Like A Child,Speak Like A Child - Eb Page rb2,Real Book 2 v6 (Hal Leonard),1,363,
Speak Low,Speak Low - Eb Page rb2,Real Book 2 v6 (Hal Leonard),1,364,
Spiral,Spiral - Eb Page rb2,Real Book 2 v6 (Hal Leonard),1,365,
St. Louis Blues,St. Louis Blues - Eb Page rb2,Real Book 2 v6 (Hal Leonard),1,366,
Stardust,Stardust - Eb Page rb2,Real Book 2 v6 (Hal Leonard),1,367,
Straight Life,Straight Life - Eb Page rb2,Real Book 2 v6 (Hal Leonard),1,368,
Strayhorn 2,Strayhorn 2 - Eb Page rb2,Real Book 2 v6 (Hal Leonard),1,369,
Strode Rode,Strode Rode - Eb Page rb2,Real Book 2 v6 (Hal Leonard),1,370,
Strollin,Strollin - Eb Page rb2,Real Book 2 v6 (Hal Leonard),1,371,
Struttin' With Some Bar-B-Q,Struttin' With Some Bar-B-Q - Eb Page rb2,Real Book 2 v6 (Hal Leonard),1,372,
SubConscious Lee,SubConscious Lee - Eb Page rb2,Real Book 2 v6 (Hal Leonard),1,373,
Suddenly It's Spring,Suddenly It's Spring - Eb Page rb2,Real Book 2 v6 (Hal Leonard),1,374,
Summer In Central Park,Summer In Central Park - Eb Page rb2,Real Book 2 v6 (Hal Leonard),1,375,
S'posin',S'posin' - Eb Page rb2,Real Book 2 v6 (Hal Leonard),1,376,
Sweet Sue-Just You,Sweet Sue-Just You - Eb Page rb2,Real Book 2 v6 (Hal Leonard),1,377,
Sweetest Sounds(The),Sweetest Sounds(The) - Eb Page rb2,Real Book 2 v6 (Hal Leonard),1,378,
Swingin' Shepherd Blues,Swingin' Shepherd Blues - Eb Page rb2,Real Book 2 v6 (Hal Leonard),1,379,
Syeeda's Song Flute,Syeeda's Song Flute - Eb Page rb2,Real Book 2 v6 (Hal Leonard),1,380,
Tain't What You Do,Tain't What You Do - Eb Page rb2,Real Book 2 v6 (Hal Leonard),1,382,
Take The Coltrane,Take The Coltrane - Eb Page rb2,Real Book 2 v6 (Hal Leonard),1,383,
Tanga,Tanga - Eb Page rb2,Real Book 2 v6 (Hal Leonard),1,384,
Tangerine,Tangerine - Eb Page rb2,Real Book 2 v6 (Hal Leonard),1,386,
Teenie' Blues,Teenie' Blues - Eb Page rb2,Real Book 2 v6 (Hal Leonard),1,387,
Tempus Fugit,Tempus Fugit - Eb Page rb2,Real Book 2 v6 (Hal Leonard),1,388,
Tenderly,Tenderly - Eb Page rb2,Real Book 2 v6 (Hal Leonard),1,389,
Tenor Madness,Tenor Madness - Eb Page rb2,Real Book 2 v6 (Hal Leonard),1,390,
There's A Small Hotel,There's A Small Hotel - Eb Page rb2,Real Book 2 v6 (Hal Leonard),1,391,
These Foolish Things (ReMind Me Of You),These Foolish Things (ReMind Me Of You) - Eb Page rb2,Real Book 2 v6 (Hal Leonard),1,392,
Things To Come,Things To Come - Eb Page rb2,Real Book 2 v6 (Hal Leonard),1,393,
Things We Did Last Summer (The),Things We Did Last Summer (The) - Eb Page rb2,Real Book 2 v6 (Hal Leonard),1,394,
This I Dig Of You,This I Dig Of You - Eb Page rb2,Real Book 2 v6 (Hal Leonard),1,395,
This Masquerade,This Masquerade - Eb Page rb2,Real Book 2 v6 (Hal Leonard),1,396,
Three Base Hit,Three Base Hit - Eb Page rb2,Real Book 2 v6 (Hal Leonard),1,397,
Thumper (The),Thumper (The) - Eb Page rb2,Real Book 2 v6 (Hal Leonard),1,398,
This Year's Kisses,This Year's Kisses - Eb Page rb2,Real Book 2 v6 (Hal Leonard),1,399,
Till There was You,Till There was You - Eb Page rb2,Real Book 2 v6 (Hal Leonard),1,400,
Tippin',Tippin' - Eb Page rb2,Real Book 2 v6 (Hal Leonard),1,401,
Tomorrow's Destiny,Tomorrow's Destiny - Eb Page rb2,Real Book 2 v6 (Hal Leonard),1,402,
Too Young,Too Young - Eb Page rb2,Real Book 2 v6 (Hal Leonard),1,403,
Trane's Blues,Trane's Blues - Eb Page rb2,Real Book 2 v6 (Hal Leonard),1,404,
Turnaround,Turnaround - Eb Page rb2,Real Book 2 v6 (Hal Leonard),1,405,
Twisted,Twisted - Eb Page rb2,Real Book 2 v6 (Hal Leonard),1,406,
Two Cigarettes In The Dark,Two Cigarettes In The Dark - Eb Page rb2,Real Book 2 v6 (Hal Leonard),1,407,
Two Degrees East Three Degrees West,Two Degrees East Three Degrees West - Eb Page rb2,Real Book 2 v6 (Hal Leonard),1,408,
Until I Met You,Until I Met You - Eb Page rb2,Real Book 2 v6 (Hal Leonard),1,409,
Walkin' Shoes,Walkin' Shoes - Eb Page rb2,Real Book 2 v6 (Hal Leonard),1,410,
Walkin' Thing (A),Walkin' Thing (A) - Eb Page rb2,Real Book 2 v6 (Hal Leonard),1,411,
Warm Valley,Warm Valley - Eb Page rb2,Real Book 2 v6 (Hal Leonard),1,412,
Watch What Happens,Watch What Happens - Eb Page rb2,Real Book 2 v6 (Hal Leonard),1,413,
Water Colors,Water Colors - Eb Page rb2,Real Book 2 v6 (Hal Leonard),1,414,
Way You Look Tonight(The),Way You Look Tonight(The) - Eb Page rb2,Real Book 2 v6 (Hal Leonard),1,415,
Weaver Of Dreams (A),Weaver Of Dreams (A) - Eb Page rb2,Real Book 2 v6 (Hal Leonard),1,416,
Webb City,Webb City - Eb Page rb2,Real Book 2 v6 (Hal Leonard),1,417,
Wendy,Wendy - Eb Page rb2,Real Book 2 v6 (Hal Leonard),1,418,
What'll I Do?,What'll I Do? - Eb Page rb2,Real Book 2 v6 (Hal Leonard),1,419,
What's New,What's New - Eb Page rb2,Real Book 2 v6 (Hal Leonard),1,420,
When Lights Are Low,When Lights Are Low - Eb Page rb2,Real Book 2 v6 (Hal Leonard),1,421,
Whisper Not,Whisper Not - Eb Page rb2,Real Book 2 v6 (Hal Leonard),1,422,
Who Can I Turn To,Who Can I Turn To - Eb Page rb2,Real Book 2 v6 (Hal Leonard),1,423,
Whopper (The),Whopper (The) - Eb Page rb2,Real Book 2 v6 (Hal Leonard),1,424,
Why Do I Love You?,Why Do I Love You? - Eb Page rb2,Real Book 2 v6 (Hal Leonard),1,425,
Willow Weep For Me,Willow Weep For Me - Eb Page rb2,Real Book 2 v6 (Hal Leonard),1,426,
With A Song In My Heart,With A Song In My Heart - Eb Page rb2,Real Book 2 v6 (Hal Leonard),1,427,
Without A Song,Without A Song - Eb Page rb2,Real Book 2 v6 (Hal Leonard),1,428,
Work Song,Work Song - Eb Page rb2,Real Book 2 v6 (Hal Leonard),1,429,
Wonderful Day Like Today (A),Wonderful Day Like Today (A) - Eb Page rb2,Real Book 2 v6 (Hal Leonard),1,430,
Wow,Wow - Eb Page rb2,Real Book 2 v6 (Hal Leonard),1,432,
Yardbird Suite,Yardbird Suite - Eb Page rb2,Real Book 2 v6 (Hal Leonard),1,433,
You Are Beautiful,You Are Beautiful - Eb Page rb2,Real Book 2 v6 (Hal Leonard),1,434,
You Can Depend On Me,You Can Depend On Me - Eb Page rb2,Real Book 2 v6 (Hal Leonard),1,435,
You'd Be So Nice To Come Home To,You'd Be So Nice To Come Home To - Eb Page rb2,Real Book 2 v6 (Hal Leonard),1,436,
You're My Everything,You're My Everything - Eb Page rb2,Real Book 2 v6 (Hal Leonard),1,437,
You're Nobody 'Til Somebody Loves You,You're Nobody 'Til Somebody Loves You - Eb Page rb2,Real Book 2 v6 (Hal Leonard),1,438,