Song,Title,Book,Start,End
African Flower,African Flower - Bb Item rb1,Real Book 1 v6 (Hal Leonard),10,10
Afro Blue,Afro Blue - Bb Item rb1,Real Book 1 v6 (Hal Leonard),11,11
Afternoon In Paris,Afternoon In Paris - Bb Item rb1,Real Book 1 v6 (Hal Leonard),12,12
Airegin,Airegin - Bb Item rb1,Real Book 1 v6 (Hal Leonard),13,13
Agua De Beber ,Agua De Beber - Bb Item rb1,Real Book 1 v6 (Hal Leonard),14,15
Alfie,Alfie - Bb Item rb1,Real Book 1 v6 (Hal Leonard),16,16
Alice In Wonderland,Alice In Wonderland - Bb Item rb1,Real Book 1 v6 (Hal Leonard),17,17
All Blues,All Blues - Bb Item rb1,Real Book 1 v6 (Hal Leonard),18,18
All By Myself,All By Myself - Bb Item rb1,Real Book 1 v6 (Hal Leonard),19,19
All Of Me,All Of Me - Bb Item rb1,Real Book 1 v6 (Hal Leonard),20,20
All Of You,All Of You - Bb Item rb1,Real Book 1 v6 (Hal Leonard),21,21
All The Things You Are,All The Things You Are - Bb Item rb1,Real Book 1 v6 (Hal Leonard),22,22
Always,Always - Bb Item rb1,Real Book 1 v6 (Hal Leonard),23,23
Alright Okay You Win,Alright Okay You Win - Bb Item rb1,Real Book 1 v6 (Hal Leonard),24,25
Ana Maria,Ana Maria - Bb Item rb1,Real Book 1 v6 (Hal Leonard),26,27
Angel Eyes,Angel Eyes - Bb Item rb1,Real Book 1 v6 (Hal Leonard),28,28
Anthropology,Anthropology - Bb Item rb1,Real Book 1 v6 (Hal Leonard),29,29
Apple Honey,Apple Honey - Bb Item rb1,Real Book 1 v6 (Hal Leonard),30,31
April In Paris,April In Paris - Bb Item rb1,Real Book 1 v6 (Hal Leonard),32,32
April Joy,April Joy - Bb Item rb1,Real Book 1 v6 (Hal Leonard),33,33
Arise Her Eyes,Arise Her Eyes - Bb Item rb1,Real Book 1 v6 (Hal Leonard),34,35
Armageddon,Armageddon - Bb Item rb1,Real Book 1 v6 (Hal Leonard),36,36
Au Privave,Au Privave - Bb Item rb1,Real Book 1 v6 (Hal Leonard),37,37
Autumn In New York,Autumn In New York - Bb Item rb1,Real Book 1 v6 (Hal Leonard),38,38
Autumn Leaves,Autumn Leaves - Bb Item rb1,Real Book 1 v6 (Hal Leonard),39,39
Beautiful Love,Beautiful Love - Bb Item rb1,Real Book 1 v6 (Hal Leonard),40,40
Beauty And The Blast,Beauty And The Blast - Bb Item rb1,Real Book 1 v6 (Hal Leonard),41,41
Bessie's Blues,Bessie's Blues - Bb Item rb1,Real Book 1 v6 (Hal Leonard),42,42
Bewitched,Bewitched - Bb Item rb1,Real Book 1 v6 (Hal Leonard),43,43
Big Nick,Big Nick - Bb Item rb1,Real Book 1 v6 (Hal Leonard),44,44
Black Coffee,Black Coffee - Bb Item rb1,Real Book 1 v6 (Hal Leonard),45,45
Black Diamond,Black Diamond - Bb Item rb1,Real Book 1 v6 (Hal Leonard),46,46
Black Narcissus,Black Narcissus - Bb Item rb1,Real Book 1 v6 (Hal Leonard),47,47
Black Nile,Black Nile - Bb Item rb1,Real Book 1 v6 (Hal Leonard),48,48
Black Orpheus,Black Orpheus - Bb Item rb1,Real Book 1 v6 (Hal Leonard),49,49
Blue Bossa,Blue Bossa - Bb Item rb1,Real Book 1 v6 (Hal Leonard),50,50
Blue In Green,Blue In Green - Bb Item rb1,Real Book 1 v6 (Hal Leonard),51,51
Blue Monk,Blue Monk - Bb Item rb1,Real Book 1 v6 (Hal Leonard),52,52
Blue Room,Blue Room - Bb Item rb1,Real Book 1 v6 (Hal Leonard),53,53
Blue Train (Blue Trane),Blue Train (Blue Trane) - Bb Item rb1,Real Book 1 v6 (Hal Leonard),54,54
Blues For Alice,Blues For Alice - Bb Item rb1,Real Book 1 v6 (Hal Leonard),55,55
Bluesette,Bluesette - Bb Item rb1,Real Book 1 v6 (Hal Leonard),56,56
Body And Soul,Body And Soul - Bb Item rb1,Real Book 1 v6 (Hal Leonard),57,57
Boplicity,Boplicity - Bb Item rb1,Real Book 1 v6 (Hal Leonard),58,58
Bright Size Life,Bright Size Life - Bb Item rb1,Real Book 1 v6 (Hal Leonard),59,59
Broad Way Blues,Broad Way Blues - Bb Item rb1,Real Book 1 v6 (Hal Leonard),60,60
Broadway,Broadway - Bb Item rb1,Real Book 1 v6 (Hal Leonard),61,61
But Beautiful,But Beautiful - Bb Item rb1,Real Book 1 v6 (Hal Leonard),62,62
Butterfly,Butterfly - Bb Item rb1,Real Book 1 v6 (Hal Leonard),63,63
Byrd Like,Byrd Like - Bb Item rb1,Real Book 1 v6 (Hal Leonard),64,64
C'est Si Bon (It's So Good),C'est Si Bon (It's So Good) - Bb Item rb1,Real Book 1 v6 (Hal Leonard),65,65
Call Me,Call Me - Bb Item rb1,Real Book 1 v6 (Hal Leonard),66,66
Call Me Irresponsible,Call Me Irresponsible - Bb Item rb1,Real Book 1 v6 (Hal Leonard),67,67
Can't Hrlp Lovin' Dat Man,Can't Hrlp Lovin' Dat Man - Bb Item rb1,Real Book 1 v6 (Hal Leonard),68,68
Central Park West,Central Park West - Bb Item rb1,Real Book 1 v6 (Hal Leonard),69,69
captain Marvel,captain Marvel - Bb Item rb1,Real Book 1 v6 (Hal Leonard),70,71
Ceora,Ceora - Bb Item rb1,Real Book 1 v6 (Hal Leonard),72,72
Chelsea Bells,Chelsea Bells - Bb Item rb1,Real Book 1 v6 (Hal Leonard),73,73
Chega De Saudade (No More Blues),Chega De Saudade (No More Blues) - Bb Item rb1,Real Book 1 v6 (Hal Leonard),74,75
Chelsea Bridge,Chelsea Bridge - Bb Item rb1,Real Book 1 v6 (Hal Leonard),76,76
Cherokee,Cherokee - Bb Item rb1,Real Book 1 v6 (Hal Leonard),77,77
Cherry Pink And Apple Blossom White,Cherry Pink And Apple Blossom White - Bb Item rb1,Real Book 1 v6 (Hal Leonard),78,78
Child Is Born,Child Is Born - Bb Item rb1,Real Book 1 v6 (Hal Leonard),79,79
Chippie,Chippie - Bb Item rb1,Real Book 1 v6 (Hal Leonard),80,80
Chitlens Con Carne,Chitlens Con Carne - Bb Item rb1,Real Book 1 v6 (Hal Leonard),81,81
Come Sunday,Come Sunday - Bb Item rb1,Real Book 1 v6 (Hal Leonard),82,82
Como En Vietnam,Como En Vietnam - Bb Item rb1,Real Book 1 v6 (Hal Leonard),83,83
Con Alma,Con Alma - Bb Item rb1,Real Book 1 v6 (Hal Leonard),84,85
Conception,Conception - Bb Item rb1,Real Book 1 v6 (Hal Leonard),86,86
Confirmation,Confirmation - Bb Item rb1,Real Book 1 v6 (Hal Leonard),87,87
Contemplation,Contemplation - Bb Item rb1,Real Book 1 v6 (Hal Leonard),88,88
Coral,Coral - Bb Item rb1,Real Book 1 v6 (Hal Leonard),89,89
Cottontail,Cottontail - Bb Item rb1,Real Book 1 v6 (Hal Leonard),90,90
Could It Be You,Could It Be You - Bb Item rb1,Real Book 1 v6 (Hal Leonard),91,91
Countdown,Countdown - Bb Item rb1,Real Book 1 v6 (Hal Leonard),92,92
Crescent,Crescent - Bb Item rb1,Real Book 1 v6 (Hal Leonard),93,93
Crystal Silence,Crystal Silence - Bb Item rb1,Real Book 1 v6 (Hal Leonard),94,94
D Natural Blues,D Natural Blues - Bb Item rb1,Real Book 1 v6 (Hal Leonard),95,95
Daahoud,Daahoud - Bb Item rb1,Real Book 1 v6 (Hal Leonard),96,97
Dancing On The Ceiling,Dancing On The Ceiling - Bb Item rb1,Real Book 1 v6 (Hal Leonard),98,98
Darn That Dream,Darn That Dream - Bb Item rb1,Real Book 1 v6 (Hal Leonard),99,99
Day Waves,Day Waves - Bb Item rb1,Real Book 1 v6 (Hal Leonard),100,100
Days And Nights Waiting,Days And Nights Waiting - Bb Item rb1,Real Book 1 v6 (Hal Leonard),101,101
Days Of Wine And Roses,Days Of Wine And Roses - Bb Item rb1,Real Book 1 v6 (Hal Leonard),102,102
Dearly Beloved,Dearly Beloved - Bb Item rb1,Real Book 1 v6 (Hal Leonard),103,103
Dedicated To You,Dedicated To You - Bb Item rb1,Real Book 1 v6 (Hal Leonard),104,104
Detour Ahead,Detour Ahead - Bb Item rb1,Real Book 1 v6 (Hal Leonard),105,105
Deluge,Deluge - Bb Item rb1,Real Book 1 v6 (Hal Leonard),106,107
Desafinado,Desafinado - Bb Item rb1,Real Book 1 v6 (Hal Leonard),108,109
Desert Air,Desert Air - Bb Item rb1,Real Book 1 v6 (Hal Leonard),110,111
Dexterity,Dexterity - Bb Item rb1,Real Book 1 v6 (Hal Leonard),112,112
Dizzy Atmosphere,Dizzy Atmosphere - Bb Item rb1,Real Book 1 v6 (Hal Leonard),113,113
Django,Django - Bb Item rb1,Real Book 1 v6 (Hal Leonard),114,115
Doin' The Pig,Doin' The Pig - Bb Item rb1,Real Book 1 v6 (Hal Leonard),116,117
Delores,Delores - Bb Item rb1,Real Book 1 v6 (Hal Leonard),118,118
Dolphin Dance,Dolphin Dance - Bb Item rb1,Real Book 1 v6 (Hal Leonard),119,119
Domino Biscuit,Domino Biscuit - Bb Item rb1,Real Book 1 v6 (Hal Leonard),120,120
Don't Blame Me,Don't Blame Me - Bb Item rb1,Real Book 1 v6 (Hal Leonard),121,121
Don't Get Around Much Anymore,Don't Get Around Much Anymore - Bb Item rb1,Real Book 1 v6 (Hal Leonard),122,122
Donna Lee,Donna Lee - Bb Item rb1,Real Book 1 v6 (Hal Leonard),123,123
Dream A Little Dream Of Me,Dream A Little Dream Of Me - Bb Item rb1,Real Book 1 v6 (Hal Leonard),124,124
Dreamsville,Dreamsville - Bb Item rb1,Real Book 1 v6 (Hal Leonard),125,125
Easter Parade,Easter Parade - Bb Item rb1,Real Book 1 v6 (Hal Leonard),126,126
Easy Living,Easy Living - Bb Item rb1,Real Book 1 v6 (Hal Leonard),127,127
Easy To Love,Easy To Love - Bb Item rb1,Real Book 1 v6 (Hal Leonard),128,128
Ecclusiastics,Ecclusiastics - Bb Item rb1,Real Book 1 v6 (Hal Leonard),129,129
Eighty One,Eighty One - Bb Item rb1,Real Book 1 v6 (Hal Leonard),130,130
El Gaucho,El Gaucho - Bb Item rb1,Real Book 1 v6 (Hal Leonard),131,131
Epistrophy,Epistrophy - Bb Item rb1,Real Book 1 v6 (Hal Leonard),132,132
Equinox,Equinox - Bb Item rb1,Real Book 1 v6 (Hal Leonard),133,133
Equipoise,Equipoise - Bb Item rb1,Real Book 1 v6 (Hal Leonard),134,134
E.S.P.,E.S.P. - Bb Item rb1,Real Book 1 v6 (Hal Leonard),135,135
Fall,Fall - Bb Item rb1,Real Book 1 v6 (Hal Leonard),136,136
Falling Grace,Falling Grace - Bb Item rb1,Real Book 1 v6 (Hal Leonard),137,137
Falling In Love With Love,Falling In Love With Love - Bb Item rb1,Real Book 1 v6 (Hal Leonard),138,138
Fee-Fi-Fo-Fum,Fee-Fi-Fo-Fum - Bb Item rb1,Real Book 1 v6 (Hal Leonard),139,139
Fine Romance,Fine Romance - Bb Item rb1,Real Book 1 v6 (Hal Leonard),140,140
500 Miles High,500 Miles High - Bb Item rb1,Real Book 1 v6 (Hal Leonard),141,140
Five Hundred Miles High,Five Hundred Miles High - Bb Item rb1,Real Book 1 v6 (Hal Leonard),141,141
502 Blues,502 Blues - Bb Item rb1,Real Book 1 v6 (Hal Leonard),142,142
Follow Your Heart,Follow Your Heart - Bb Item rb1,Real Book 1 v6 (Hal Leonard),143,143
Footprints,Footprints - Bb Item rb1,Real Book 1 v6 (Hal Leonard),144,144
For All We Know,For All We Know - Bb Item rb1,Real Book 1 v6 (Hal Leonard),145,145
For Heavens Sake,For Heavens Sake - Bb Item rb1,Real Book 1 v6 (Hal Leonard),146,146
For Sentimental Reasons,For Sentimental Reasons - Bb Item rb1,Real Book 1 v6 (Hal Leonard),147,147
Forest Flower,Forest Flower - Bb Item rb1,Real Book 1 v6 (Hal Leonard),148,148
Four,Four - Bb Item rb1,Real Book 1 v6 (Hal Leonard),149,149
Four On Six,Four On Six - Bb Item rb1,Real Book 1 v6 (Hal Leonard),150,150
Freddie The Freeloader,Freddie The Freeloader - Bb Item rb1,Real Book 1 v6 (Hal Leonard),151,151
Freedom Jazz Dance,Freedom Jazz Dance - Bb Item rb1,Real Book 1 v6 (Hal Leonard),152,152
Gee Baby Ain't I Good To You,Gee Baby Ain't I Good To You - Bb Item rb1,Real Book 1 v6 (Hal Leonard),153,153
Full House,Full House - Bb Item rb1,Real Book 1 v6 (Hal Leonard),154,155
Gemini,Gemini - Bb Item rb1,Real Book 1 v6 (Hal Leonard),156,156
Giant Steps,Giant Steps - Bb Item rb1,Real Book 1 v6 (Hal Leonard),157,157
Girl From Ipanema,Girl From Ipanema - Bb Item rb1,Real Book 1 v6 (Hal Leonard),158,158
Gloria's Step,Gloria's Step - Bb Item rb1,Real Book 1 v6 (Hal Leonard),159,159
God Bless The Child,God Bless The Child - Bb Item rb1,Real Book 1 v6 (Hal Leonard),160,160
Golden Lady,Golden Lady - Bb Item rb1,Real Book 1 v6 (Hal Leonard),161,161
Good Evening Mr. And Mrs.America,Good Evening Mr. And Mrs.America - Bb Item rb1,Real Book 1 v6 (Hal Leonard),162,163
Grand Central,Grand Central - Bb Item rb1,Real Book 1 v6 (Hal Leonard),164,164
Green Mountains,Green Mountains - Bb Item rb1,Real Book 1 v6 (Hal Leonard),165,165
Groovin' High,Groovin' High - Bb Item rb1,Real Book 1 v6 (Hal Leonard),166,166
Grow Your Own,Grow Your Own - Bb Item rb1,Real Book 1 v6 (Hal Leonard),167,167
Guilty,Guilty - Bb Item rb1,Real Book 1 v6 (Hal Leonard),168,168
Gypsy In My Soul,Gypsy In My Soul - Bb Item rb1,Real Book 1 v6 (Hal Leonard),169,169
Half Nelson,Half Nelson - Bb Item rb1,Real Book 1 v6 (Hal Leonard),170,171
Have You Met Miss Jones,Have You Met Miss Jones - Bb Item rb1,Real Book 1 v6 (Hal Leonard),172,172
Heaven,Heaven - Bb Item rb1,Real Book 1 v6 (Hal Leonard),173,173
Heebie Jeebies,Heebie Jeebies - Bb Item rb1,Real Book 1 v6 (Hal Leonard),174,174
Here's That Rainy Day,Here's That Rainy Day - Bb Item rb1,Real Book 1 v6 (Hal Leonard),175,175
Hello Young Lovers,Hello Young Lovers - Bb Item rb1,Real Book 1 v6 (Hal Leonard),176,177
Hot Toddy,Hot Toddy - Bb Item rb1,Real Book 1 v6 (Hal Leonard),178,178
House Of Jade,House Of Jade - Bb Item rb1,Real Book 1 v6 (Hal Leonard),179,179
How High The Moon,How High The Moon - Bb Item rb1,Real Book 1 v6 (Hal Leonard),180,180
How Insensitive,How Insensitive - Bb Item rb1,Real Book 1 v6 (Hal Leonard),181,181
How My Heart Sings,How My Heart Sings - Bb Item rb1,Real Book 1 v6 (Hal Leonard),182,182
Hullo Bolinas,Hullo Bolinas - Bb Item rb1,Real Book 1 v6 (Hal Leonard),183,183
I Can't Get Started With You,I Can't Get Started With You - Bb Item rb1,Real Book 1 v6 (Hal Leonard),184,184
I Can't Give You Anything But Love,I Can't Give You Anything But Love - Bb Item rb1,Real Book 1 v6 (Hal Leonard),185,185
I Could Write A Book,I Could Write A Book - Bb Item rb1,Real Book 1 v6 (Hal Leonard),186,186
I Got It Bad And That Ain't Good,I Got It Bad And That Ain't Good - Bb Item rb1,Real Book 1 v6 (Hal Leonard),187,187
I Let A Song Go Out Of My Heart,I Let A Song Go Out Of My Heart - Bb Item rb1,Real Book 1 v6 (Hal Leonard),188,188
I Love Paris,I Love Paris - Bb Item rb1,Real Book 1 v6 (Hal Leonard),189,189
I Love You,I Love You - Bb Item rb1,Real Book 1 v6 (Hal Leonard),190,190
I Mean You,I Mean You - Bb Item rb1,Real Book 1 v6 (Hal Leonard),191,191
I Remember Clifford,I Remember Clifford - Bb Item rb1,Real Book 1 v6 (Hal Leonard),192,193
I Should Care,I Should Care - Bb Item rb1,Real Book 1 v6 (Hal Leonard),194,194
I Wish I Knew How It Would Feel To Be Free,I Wish I Knew How It Would Feel To Be Free - Bb Item rb1,Real Book 1 v6 (Hal Leonard),195,195
I'll Never Smile Again,I'll Never Smile Again - Bb Item rb1,Real Book 1 v6 (Hal Leonard),196,196
I'll Remember April,I'll Remember April - Bb Item rb1,Real Book 1 v6 (Hal Leonard),197,197
I'm All Smiles,I'm All Smiles - Bb Item rb1,Real Book 1 v6 (Hal Leonard),198,199
I'm Beginning To See The Light,I'm Beginning To See The Light - Bb Item rb1,Real Book 1 v6 (Hal Leonard),200,200
I'm Your Pal,I'm Your Pal - Bb Item rb1,Real Book 1 v6 (Hal Leonard),201,201
Icarus,Icarus - Bb Item rb1,Real Book 1 v6 (Hal Leonard),202,203
If You Never Come To Me,If You Never Come To Me - Bb Item rb1,Real Book 1 v6 (Hal Leonard),204,204
Impressions,Impressions - Bb Item rb1,Real Book 1 v6 (Hal Leonard),205,205
In A Mellow Tone,In A Mellow Tone - Bb Item rb1,Real Book 1 v6 (Hal Leonard),206,206
In A Sentimental Mood,In A Sentimental Mood - Bb Item rb1,Real Book 1 v6 (Hal Leonard),207,207
In The Modd,In The Modd - Bb Item rb1,Real Book 1 v6 (Hal Leonard),208,209
In The Wee Small Hours Of The Morning,In The Wee Small Hours Of The Morning - Bb Item rb1,Real Book 1 v6 (Hal Leonard),210,210
In Your Quiet Place,In Your Quiet Place - Bb Item rb1,Real Book 1 v6 (Hal Leonard),211,211
Inchworm,Inchworm - Bb Item rb1,Real Book 1 v6 (Hal Leonard),212,212
Indian Lady,Indian Lady - Bb Item rb1,Real Book 1 v6 (Hal Leonard),213,213
Inner Urge,Inner Urge - Bb Item rb1,Real Book 1 v6 (Hal Leonard),214,214
Interplay,Interplay - Bb Item rb1,Real Book 1 v6 (Hal Leonard),215,215
Intrepid Fox,Intrepid Fox - Bb Item rb1,Real Book 1 v6 (Hal Leonard),216,216
Invitation,Invitation - Bb Item rb1,Real Book 1 v6 (Hal Leonard),217,217
Iris,Iris - Bb Item rb1,Real Book 1 v6 (Hal Leonard),218,218
Isn't It Romantic,Isn't It Romantic - Bb Item rb1,Real Book 1 v6 (Hal Leonard),219,219
Is You Is Or Is You Ain't,Is You Is Or Is You Ain't - Bb Item rb1,Real Book 1 v6 (Hal Leonard),220,221
Isotope,Isotope - Bb Item rb1,Real Book 1 v6 (Hal Leonard),222,222
Israel,Israel - Bb Item rb1,Real Book 1 v6 (Hal Leonard),223,223
It Don't Mean A Thing,It Don't Mean A Thing - Bb Item rb1,Real Book 1 v6 (Hal Leonard),224,224
It's Easy To Remember,It's Easy To Remember - Bb Item rb1,Real Book 1 v6 (Hal Leonard),225,225
Jelly Roll,Jelly Roll - Bb Item rb1,Real Book 1 v6 (Hal Leonard),226,226
Jordu,Jordu - Bb Item rb1,Real Book 1 v6 (Hal Leonard),227,227
Journey To Recife,Journey To Recife - Bb Item rb1,Real Book 1 v6 (Hal Leonard),228,228
Joy Spring,Joy Spring - Bb Item rb1,Real Book 1 v6 (Hal Leonard),229,229
Juju,Juju - Bb Item rb1,Real Book 1 v6 (Hal Leonard),230,230
June In January,June In January - Bb Item rb1,Real Book 1 v6 (Hal Leonard),231,231
Jump Monk,Jump Monk - Bb Item rb1,Real Book 1 v6 (Hal Leonard),232,233
Just One More Chance,Just One More Chance - Bb Item rb1,Real Book 1 v6 (Hal Leonard),234,234
Lady Bird,Lady Bird - Bb Item rb1,Real Book 1 v6 (Hal Leonard),235,235
KELO,KELO - Bb Item rb1,Real Book 1 v6 (Hal Leonard),236,237
Lady Sings The Blues,Lady Sings The Blues - Bb Item rb1,Real Book 1 v6 (Hal Leonard),238,238
Lament,Lament - Bb Item rb1,Real Book 1 v6 (Hal Leonard),239,239
Las Vegas Tango,Las Vegas Tango - Bb Item rb1,Real Book 1 v6 (Hal Leonard),240,240
Lazy Bird,Lazy Bird - Bb Item rb1,Real Book 1 v6 (Hal Leonard),241,241
Lazy River,Lazy River - Bb Item rb1,Real Book 1 v6 (Hal Leonard),242,242
Like Someone In Love,Like Someone In Love - Bb Item rb1,Real Book 1 v6 (Hal Leonard),243,243
Limehouse Blues,Limehouse Blues - Bb Item rb1,Real Book 1 v6 (Hal Leonard),244,244
Little Boat,Little Boat - Bb Item rb1,Real Book 1 v6 (Hal Leonard),245,245
Lines And Spaces,Lines And Spaces - Bb Item rb1,Real Book 1 v6 (Hal Leonard),246,247
Litha,Litha - Bb Item rb1,Real Book 1 v6 (Hal Leonard),248,249
Little Waltz,Little Waltz - Bb Item rb1,Real Book 1 v6 (Hal Leonard),250,250
Long Ago And Far Away,Long Ago And Far Away - Bb Item rb1,Real Book 1 v6 (Hal Leonard),251,251
Lonnie's Lament,Lonnie's Lament - Bb Item rb1,Real Book 1 v6 (Hal Leonard),252,252
Look To The Sky,Look To The Sky - Bb Item rb1,Real Book 1 v6 (Hal Leonard),253,253
Love Is The Sweetest Thing,Love Is The Sweetest Thing - Bb Item rb1,Real Book 1 v6 (Hal Leonard),254,254
Lucky Southern,Lucky Southern - Bb Item rb1,Real Book 1 v6 (Hal Leonard),255,255
Lullaby Of Birdland,Lullaby Of Birdland - Bb Item rb1,Real Book 1 v6 (Hal Leonard),256,256
Magician In You The,Magician In You The - Bb Item rb1,Real Book 1 v6 (Hal Leonard),257,257
Lush Life,Lush Life - Bb Item rb1,Real Book 1 v6 (Hal Leonard),258,259
Majoong,Majoong - Bb Item rb1,Real Book 1 v6 (Hal Leonard),260,260
Maiden Voyage,Maiden Voyage - Bb Item rb1,Real Book 1 v6 (Hal Leonard),261,261
Man And A Woman (A),Man And A Woman (A) - Bb Item rb1,Real Book 1 v6 (Hal Leonard),262,263
Man In The Green Shirt,Man In The Green Shirt - Bb Item rb1,Real Book 1 v6 (Hal Leonard),264,265
Meditation,Meditation - Bb Item rb1,Real Book 1 v6 (Hal Leonard),266,266
Memories Of Tomorrow,Memories Of Tomorrow - Bb Item rb1,Real Book 1 v6 (Hal Leonard),267,267
Michelle,Michelle - Bb Item rb1,Real Book 1 v6 (Hal Leonard),268,268
Midnight Mood,Midnight Mood - Bb Item rb1,Real Book 1 v6 (Hal Leonard),269,269
Midwestern Night Dream,Midwestern Night Dream - Bb Item rb1,Real Book 1 v6 (Hal Leonard),270,271
Milano,Milano - Bb Item rb1,Real Book 1 v6 (Hal Leonard),272,272
Minority,Minority - Bb Item rb1,Real Book 1 v6 (Hal Leonard),273,273
Miss Ann,Miss Ann - Bb Item rb1,Real Book 1 v6 (Hal Leonard),274,274
Missouri Uncompromised,Missouri Uncompromised - Bb Item rb1,Real Book 1 v6 (Hal Leonard),275,275
Mr. P.C.,Mr. P.C. - Bb Item rb1,Real Book 1 v6 (Hal Leonard),276,276
Misty,Misty - Bb Item rb1,Real Book 1 v6 (Hal Leonard),277,277
Miyako,Miyako - Bb Item rb1,Real Book 1 v6 (Hal Leonard),278,278
Mood Indigo,Mood Indigo - Bb Item rb1,Real Book 1 v6 (Hal Leonard),279,279
Moment's Notice,Moment's Notice - Bb Item rb1,Real Book 1 v6 (Hal Leonard),280,281
Moonchild,Moonchild - Bb Item rb1,Real Book 1 v6 (Hal Leonard),282,282
Most Beautiful Girl In The World (The),Most Beautiful Girl In The World (The) - Bb Item rb1,Real Book 1 v6 (Hal Leonard),283,283
My Buddy,My Buddy - Bb Item rb1,Real Book 1 v6 (Hal Leonard),284,284
My Favorite Things,My Favorite Things - Bb Item rb1,Real Book 1 v6 (Hal Leonard),285,285
My Foolish Heart,My Foolish Heart - Bb Item rb1,Real Book 1 v6 (Hal Leonard),286,286
My Funny Valentine,My Funny Valentine - Bb Item rb1,Real Book 1 v6 (Hal Leonard),287,287
My One And Only Love,My One And Only Love - Bb Item rb1,Real Book 1 v6 (Hal Leonard),288,288
My Romance,My Romance - Bb Item rb1,Real Book 1 v6 (Hal Leonard),289,289
My Shining Hour,My Shining Hour - Bb Item rb1,Real Book 1 v6 (Hal Leonard),290,290
My Ship,My Ship - Bb Item rb1,Real Book 1 v6 (Hal Leonard),291,291
My Way,My Way - Bb Item rb1,Real Book 1 v6 (Hal Leonard),292,292
Naima,Naima - Bb Item rb1,Real Book 1 v6 (Hal Leonard),293,293
Mysterious Traveller,Mysterious Traveller - Bb Item rb1,Real Book 1 v6 (Hal Leonard),294,295
Nardis,Nardis - Bb Item rb1,Real Book 1 v6 (Hal Leonard),296,296
Nefertiti,Nefertiti - Bb Item rb1,Real Book 1 v6 (Hal Leonard),297,297
Never Will I Marry,Never Will I Marry - Bb Item rb1,Real Book 1 v6 (Hal Leonard),298,298
Nica's Dream,Nica's Dream - Bb Item rb1,Real Book 1 v6 (Hal Leonard),299,299
Night Dreamer,Night Dreamer - Bb Item rb1,Real Book 1 v6 (Hal Leonard),300,300
Night Has A Thousand Eyes,Night Has A Thousand Eyes - Bb Item rb1,Real Book 1 v6 (Hal Leonard),301,301
Night In Tunisia(A),Night In Tunisia(A) - Bb Item rb1,Real Book 1 v6 (Hal Leonard),302,302
Nobody Know You When You're down and Out,Nobody Know You When You're down and Out - Bb Item rb1,Real Book 1 v6 (Hal Leonard),303,303
Night Train,Night Train - Bb Item rb1,Real Book 1 v6 (Hal Leonard),304,305
Nostalgia In Times Square,Nostalgia In Times Square - Bb Item rb1,Real Book 1 v6 (Hal Leonard),306,306
Nuages,Nuages - Bb Item rb1,Real Book 1 v6 (Hal Leonard),307,307
Old Man From the Old Country,Old Man From the Old Country - Bb Item rb1,Real Book 1 v6 (Hal Leonard),308,308
Oleo,Oleo - Bb Item rb1,Real Book 1 v6 (Hal Leonard),309,309
Olinoqui Valley,Olinoqui Valley - Bb Item rb1,Real Book 1 v6 (Hal Leonard),310,310
Once I Loved,Once I Loved - Bb Item rb1,Real Book 1 v6 (Hal Leonard),311,311
Once In Love With Amy,Once In Love With Amy - Bb Item rb1,Real Book 1 v6 (Hal Leonard),312,312
One Finger Snap,One Finger Snap - Bb Item rb1,Real Book 1 v6 (Hal Leonard),313,313
One Note Samba,One Note Samba - Bb Item rb1,Real Book 1 v6 (Hal Leonard),314,315
Orbits,Orbits - Bb Item rb1,Real Book 1 v6 (Hal Leonard),316,316
Ornithology,Ornithology - Bb Item rb1,Real Book 1 v6 (Hal Leonard),317,317
Out Of Nowhere,Out Of Nowhere - Bb Item rb1,Real Book 1 v6 (Hal Leonard),318,318
Paper Doll,Paper Doll - Bb Item rb1,Real Book 1 v6 (Hal Leonard),319,319
Passion Dance,Passion Dance - Bb Item rb1,Real Book 1 v6 (Hal Leonard),320,320
Passion Flower,Passion Flower - Bb Item rb1,Real Book 1 v6 (Hal Leonard),321,321
Peace,Peace - Bb Item rb1,Real Book 1 v6 (Hal Leonard),322,322
Peggy's Blue Skylight,Peggy's Blue Skylight - Bb Item rb1,Real Book 1 v6 (Hal Leonard),323,323
Pent-Up House,Pent-Up House - Bb Item rb1,Real Book 1 v6 (Hal Leonard),324,324
Penthouse Serenade,Penthouse Serenade - Bb Item rb1,Real Book 1 v6 (Hal Leonard),325,325
Peri's Scope,Peri's Scope - Bb Item rb1,Real Book 1 v6 (Hal Leonard),326,326
Pfrancing (No Blues),Pfrancing (No Blues) - Bb Item rb1,Real Book 1 v6 (Hal Leonard),327,327
Pinocchio,Pinocchio - Bb Item rb1,Real Book 1 v6 (Hal Leonard),328,328
Pithycanthropus Erectus,Pithycanthropus Erectus - Bb Item rb1,Real Book 1 v6 (Hal Leonard),329,329
Portsmouth Figurations,Portsmouth Figurations - Bb Item rb1,Real Book 1 v6 (Hal Leonard),330,330
Prelude To A Kiss,Prelude To A Kiss - Bb Item rb1,Real Book 1 v6 (Hal Leonard),331,331
Prince Of Darkness,Prince Of Darkness - Bb Item rb1,Real Book 1 v6 (Hal Leonard),332,332
P.S. I Love You,P.S. I Love You - Bb Item rb1,Real Book 1 v6 (Hal Leonard),333,333
Pussy Cat Dues,Pussy Cat Dues - Bb Item rb1,Real Book 1 v6 (Hal Leonard),334,334
Corcovado,Corcovado - Bb Item rb1,Real Book 1 v6 (Hal Leonard),335,334
Quiet Night Of Quiet Stars (Corcovado),Quiet Night Of Quiet Stars (Corcovado) - Bb Item rb1,Real Book 1 v6 (Hal Leonard),335,335
Quiet Now,Quiet Now - Bb Item rb1,Real Book 1 v6 (Hal Leonard),336,336
Recorda-Me,Recorda-Me - Bb Item rb1,Real Book 1 v6 (Hal Leonard),337,337
Red Clay,Red Clay - Bb Item rb1,Real Book 1 v6 (Hal Leonard),338,339
Reflections,Reflections - Bb Item rb1,Real Book 1 v6 (Hal Leonard),340,340
Ring Dem Bells,Ring Dem Bells - Bb Item rb1,Real Book 1 v6 (Hal Leonard),341,341
Reincarnation Of A Lovebird (missing),Reincarnation Of A Lovebird (missing) - Bb Item rb1,Real Book 1 v6 (Hal Leonard),342,343
Road Song,Road Song - Bb Item rb1,Real Book 1 v6 (Hal Leonard),344,344
Round Midnight,Round Midnight - Bb Item rb1,Real Book 1 v6 (Hal Leonard),345,345
Ruby My Dear,Ruby My Dear - Bb Item rb1,Real Book 1 v6 (Hal Leonard),346,347
Saga Of Harrison Crabpeathers,Saga Of Harrison Crabpeathers - Bb Item rb1,Real Book 1 v6 (Hal Leonard),348,348
Satin Doll,Satin Doll - Bb Item rb1,Real Book 1 v6 (Hal Leonard),349,349
Scotch And Soda,Scotch And Soda - Bb Item rb1,Real Book 1 v6 (Hal Leonard),350,350
Scrapple From The Apple,Scrapple From The Apple - Bb Item rb1,Real Book 1 v6 (Hal Leonard),351,351
Sea Journey,Sea Journey - Bb Item rb1,Real Book 1 v6 (Hal Leonard),352,353
Seven Come Eleven,Seven Come Eleven - Bb Item rb1,Real Book 1 v6 (Hal Leonard),354,354
Sidewinder,Sidewinder - Bb Item rb1,Real Book 1 v6 (Hal Leonard),355,355
Seven Steps To Heaven,Seven Steps To Heaven - Bb Item rb1,Real Book 1 v6 (Hal Leonard),356,357
Silver Hollow,Silver Hollow - Bb Item rb1,Real Book 1 v6 (Hal Leonard),358,358
Sirabhorn,Sirabhorn - Bb Item rb1,Real Book 1 v6 (Hal Leonard),359,359
Skating In Central Park,Skating In Central Park - Bb Item rb1,Real Book 1 v6 (Hal Leonard),360,361
So Nice (Summer Samba),So Nice (Summer Samba) - Bb Item rb1,Real Book 1 v6 (Hal Leonard),362,362
Solar,Solar - Bb Item rb1,Real Book 1 v6 (Hal Leonard),363,363
So What,So What - Bb Item rb1,Real Book 1 v6 (Hal Leonard),364,365
Solitude,Solitude - Bb Item rb1,Real Book 1 v6 (Hal Leonard),366,366
Someday My Prince Will Come,Someday My Prince Will Come - Bb Item rb1,Real Book 1 v6 (Hal Leonard),367,367
Some Other Spring,Some Other Spring - Bb Item rb1,Real Book 1 v6 (Hal Leonard),368,368
Somebody Love Me,Somebody Love Me - Bb Item rb1,Real Book 1 v6 (Hal Leonard),369,369
Some Skunk Funk,Some Skunk Funk - Bb Item rb1,Real Book 1 v6 (Hal Leonard),370,371
Sometime Ago,Sometime Ago - Bb Item rb1,Real Book 1 v6 (Hal Leonard),372,372
Song For My Father,Song For My Father - Bb Item rb1,Real Book 1 v6 (Hal Leonard),373,373
Song Is You,Song Is You - Bb Item rb1,Real Book 1 v6 (Hal Leonard),374,375
Sophisticated Lady,Sophisticated Lady - Bb Item rb1,Real Book 1 v6 (Hal Leonard),376,376
Sorcerer,Sorcerer - Bb Item rb1,Real Book 1 v6 (Hal Leonard),377,377
Speak No Evil,Speak No Evil - Bb Item rb1,Real Book 1 v6 (Hal Leonard),378,378
Sphinx (The),Sphinx (The) - Bb Item rb1,Real Book 1 v6 (Hal Leonard),379,379
Standing On The Corner,Standing On The Corner - Bb Item rb1,Real Book 1 v6 (Hal Leonard),380,380
Star-Crossed Lovers,Star-Crossed Lovers - Bb Item rb1,Real Book 1 v6 (Hal Leonard),381,381
Stella By Starlight,Stella By Starlight - Bb Item rb1,Real Book 1 v6 (Hal Leonard),382,382
Steps,Steps - Bb Item rb1,Real Book 1 v6 (Hal Leonard),383,383
Stolen Moments,Stolen Moments - Bb Item rb1,Real Book 1 v6 (Hal Leonard),384,384
Stompin' At The Savoy,Stompin' At The Savoy - Bb Item rb1,Real Book 1 v6 (Hal Leonard),385,385
Straight No Chaser,Straight No Chaser - Bb Item rb1,Real Book 1 v6 (Hal Leonard),386,386
Sugar,Sugar - Bb Item rb1,Real Book 1 v6 (Hal Leonard),387,387
String Of Pearls,String Of Pearls - Bb Item rb1,Real Book 1 v6 (Hal Leonard),388,389
Stuff,Stuff - Bb Item rb1,Real Book 1 v6 (Hal Leonard),390,391
Sunday Kind Of Love,Sunday Kind Of Love - Bb Item rb1,Real Book 1 v6 (Hal Leonard),392,392
Surrey With The Fringe On Top,Surrey With The Fringe On Top - Bb Item rb1,Real Book 1 v6 (Hal Leonard),393,393
Swedish Pastry,Swedish Pastry - Bb Item rb1,Real Book 1 v6 (Hal Leonard),394,394
Sweet Georgia Bright,Sweet Georgia Bright - Bb Item rb1,Real Book 1 v6 (Hal Leonard),395,395
Sweet Henry,Sweet Henry - Bb Item rb1,Real Book 1 v6 (Hal Leonard),396,396
Take Five,Take Five - Bb Item rb1,Real Book 1 v6 (Hal Leonard),397,397
Take The A Train,Take The A Train - Bb Item rb1,Real Book 1 v6 (Hal Leonard),398,398
Thanks For The Memory,Thanks For The Memory - Bb Item rb1,Real Book 1 v6 (Hal Leonard),399,399
Tame Thy Pen,Tame Thy Pen - Bb Item rb1,Real Book 1 v6 (Hal Leonard),400,401
Tell Me A Bedtime Story,Tell Me A Bedtime Story - Bb Item rb1,Real Book 1 v6 (Hal Leonard),402,403
That's Amore,That's Amore - Bb Item rb1,Real Book 1 v6 (Hal Leonard),404,405
There Is No Greater Love,There Is No Greater Love - Bb Item rb1,Real Book 1 v6 (Hal Leonard),406,406
There Will Never Be Another You,There Will Never Be Another You - Bb Item rb1,Real Book 1 v6 (Hal Leonard),407,407
There'll Be Some Changes Made,There'll Be Some Changes Made - Bb Item rb1,Real Book 1 v6 (Hal Leonard),408,408
They Didn't Believe Me,They Didn't Believe Me - Bb Item rb1,Real Book 1 v6 (Hal Leonard),409,409
Think On Me,Think On Me - Bb Item rb1,Real Book 1 v6 (Hal Leonard),410,410
Thou Swell,Thou Swell - Bb Item rb1,Real Book 1 v6 (Hal Leonard),411,411
Three Flowers,Three Flowers - Bb Item rb1,Real Book 1 v6 (Hal Leonard),412,412
Time Remembered,Time Remembered - Bb Item rb1,Real Book 1 v6 (Hal Leonard),413,413
Tones For Joan's Bones,Tones For Joan's Bones - Bb Item rb1,Real Book 1 v6 (Hal Leonard),414,414
Topsy,Topsy - Bb Item rb1,Real Book 1 v6 (Hal Leonard),415,415
Tour De Force,Tour De Force - Bb Item rb1,Real Book 1 v6 (Hal Leonard),416,416
Triste,Triste - Bb Item rb1,Real Book 1 v6 (Hal Leonard),417,417
Tune-Up,Tune-Up - Bb Item rb1,Real Book 1 v6 (Hal Leonard),418,418
Turn Out The Stars,Turn Out The Stars - Bb Item rb1,Real Book 1 v6 (Hal Leonard),419,419
Twisted Blues,Twisted Blues - Bb Item rb1,Real Book 1 v6 (Hal Leonard),420,420
Unquity Road,Unquity Road - Bb Item rb1,Real Book 1 v6 (Hal Leonard),421,421
Unchain My Heart,Unchain My Heart - Bb Item rb1,Real Book 1 v6 (Hal Leonard),422,423
Unity Village,Unity Village - Bb Item rb1,Real Book 1 v6 (Hal Leonard),424,424
Up Jumped Spring,Up Jumped Spring - Bb Item rb1,Real Book 1 v6 (Hal Leonard),425,425
Upper Manhattan Medical Group,Upper Manhattan Medical Group - Bb Item rb1,Real Book 1 v6 (Hal Leonard),426,426
Valse Hot,Valse Hot - Bb Item rb1,Real Book 1 v6 (Hal Leonard),427,427
Very Early,Very Early - Bb Item rb1,Real Book 1 v6 (Hal Leonard),428,428
Virgo,Virgo - Bb Item rb1,Real Book 1 v6 (Hal Leonard),429,429
Wait Till You See Her,Wait Till You See Her - Bb Item rb1,Real Book 1 v6 (Hal Leonard),430,430
Wave,Wave - Bb Item rb1,Real Book 1 v6 (Hal Leonard),431,431
Waltz For Debby,Waltz For Debby - Bb Item rb1,Real Book 1 v6 (Hal Leonard),432,433
We'll Be Together Again,We'll Be Together Again - Bb Item rb1,Real Book 1 v6 (Hal Leonard),434,434
Well You Needn't,Well You Needn't - Bb Item rb1,Real Book 1 v6 (Hal Leonard),435,435
West Coast Blues,West Coast Blues - Bb Item rb1,Real Book 1 v6 (Hal Leonard),436,436
What Am I Here For,What Am I Here For - Bb Item rb1,Real Book 1 v6 (Hal Leonard),437,437
What Was,What Was - Bb Item rb1,Real Book 1 v6 (Hal Leonard),438,438
When I Fall In Love,When I Fall In Love - Bb Item rb1,Real Book 1 v6 (Hal Leonard),439,439
When Sunny Gets Blue,When Sunny Gets Blue - Bb Item rb1,Real Book 1 v6 (Hal Leonard),440,440
When You Wish Upon A Star,When You Wish Upon A Star - Bb Item rb1,Real Book 1 v6 (Hal Leonard),441,441
Whispering,Whispering - Bb Item rb1,Real Book 1 v6 (Hal Leonard),442,442
Windows,Windows - Bb Item rb1,Real Book 1 v6 (Hal Leonard),443,443
Wild Flower,Wild Flower - Bb Item rb1,Real Book 1 v6 (Hal Leonard),444,445
Witch Hunt,Witch Hunt - Bb Item rb1,Real Book 1 v6 (Hal Leonard),446,446
Woodchopper's Ball,Woodchopper's Ball - Bb Item rb1,Real Book 1 v6 (Hal Leonard),447,447
Wives And Lovers,Wives And Lovers - Bb Item rb1,Real Book 1 v6 (Hal Leonard),448,449
Woody'n You,Woody'n You - Bb Item rb1,Real Book 1 v6 (Hal Leonard),450,450
World Is Waiting For The Sunrise (The),World Is Waiting For The Sunrise (The) - Bb Item rb1,Real Book 1 v6 (Hal Leonard),451,451
Yes Or No,Yes Or No - Bb Item rb1,Real Book 1 v6 (Hal Leonard),452,452
Yesterday,Yesterday - Bb Item rb1,Real Book 1 v6 (Hal Leonard),453,453
Yesterdays,Yesterdays - Bb Item rb1,Real Book 1 v6 (Hal Leonard),454,454
You Are Too Beautiful,You Are Too Beautiful - Bb Item rb1,Real Book 1 v6 (Hal Leonard),455,455
You Are The Sunshine Of My Life,You Are The Sunshine Of My Life - Bb Item rb1,Real Book 1 v6 (Hal Leonard),456,457
You Brought A New Kind Of Love To Me,You Brought A New Kind Of Love To Me - Bb Item rb1,Real Book 1 v6 (Hal Leonard),458,458
You Don't Know What Love Is,You Don't Know What Love Is - Bb Item rb1,Real Book 1 v6 (Hal Leonard),459,459
You Took Advantage Of Me,You Took Advantage Of Me - Bb Item rb1,Real Book 1 v6 (Hal Leonard),460,460
Young At Heart,Young At Heart - Bb Item rb1,Real Book 1 v6 (Hal Leonard),461,461
You're Nobody 'Til Somebody Loves You,You're Nobody 'Til Somebody Loves You - Bb Item rb1,Real Book 1 v6 (Hal Leonard),462,462
African Flower,African Flower - Bb Page rb1,Real Book 1 v6 (Hal Leonard),10,
Afro Blue,Afro Blue - Bb Page rb1,Real Book 1 v6 (Hal Leonard),11,
Afternoon In Paris,Afternoon In Paris - Bb Page rb1,Real Book 1 v6 (Hal Leonard),12,
Airegin,Airegin - Bb Page rb1,Real Book 1 v6 (Hal Leonard),13,
Agua De Beber ,Agua De Beber - Bb Page rb1,Real Book 1 v6 (Hal Leonard),14,
Alfie,Alfie - Bb Page rb1,Real Book 1 v6 (Hal Leonard),16,
Alice In Wonderland,Alice In Wonderland - Bb Page rb1,Real Book 1 v6 (Hal Leonard),17,
All Blues,All Blues - Bb Page rb1,Real Book 1 v6 (Hal Leonard),18,
All By Myself,All By Myself - Bb Page rb1,Real Book 1 v6 (Hal Leonard),19,
All Of Me,All Of Me - Bb Page rb1,Real Book 1 v6 (Hal Leonard),20,
All Of You,All Of You - Bb Page rb1,Real Book 1 v6 (Hal Leonard),21,
All The Things You Are,All The Things You Are - Bb Page rb1,Real Book 1 v6 (Hal Leonard),22,
Always,Always - Bb Page rb1,Real Book 1 v6 (Hal Leonard),23,
Alright Okay You Win,Alright Okay You Win - Bb Page rb1,Real Book 1 v6 (Hal Leonard),24,
Ana Maria,Ana Maria - Bb Page rb1,Real Book 1 v6 (Hal Leonard),26,
Angel Eyes,Angel Eyes - Bb Page rb1,Real Book 1 v6 (Hal Leonard),28,
Anthropology,Anthropology - Bb Page rb1,Real Book 1 v6 (Hal Leonard),29,
Apple Honey,Apple Honey - Bb Page rb1,Real Book 1 v6 (Hal Leonard),30,
April In Paris,April In Paris - Bb Page rb1,Real Book 1 v6 (Hal Leonard),32,
April Joy,April Joy - Bb Page rb1,Real Book 1 v6 (Hal Leonard),33,
Arise Her Eyes,Arise Her Eyes - Bb Page rb1,Real Book 1 v6 (Hal Leonard),34,
Armageddon,Armageddon - Bb Page rb1,Real Book 1 v6 (Hal Leonard),36,
Au Privave,Au Privave - Bb Page rb1,Real Book 1 v6 (Hal Leonard),37,
Autumn In New York,Autumn In New York - Bb Page rb1,Real Book 1 v6 (Hal Leonard),38,
Autumn Leaves,Autumn Leaves - Bb Page rb1,Real Book 1 v6 (Hal Leonard),39,
Beautiful Love,Beautiful Love - Bb Page rb1,Real Book 1 v6 (Hal Leonard),40,
Beauty And The Blast,Beauty And The Blast - Bb Page rb1,Real Book 1 v6 (Hal Leonard),41,
Bessie's Blues,Bessie's Blues - Bb Page rb1,Real Book 1 v6 (Hal Leonard),42,
Bewitched,Bewitched - Bb Page rb1,Real Book 1 v6 (Hal Leonard),43,
Big Nick,Big Nick - Bb Page rb1,Real Book 1 v6 (Hal Leonard),44,
Black Coffee,Black Coffee - Bb Page rb1,Real Book 1 v6 (Hal Leonard),45,
Black Diamond,Black Diamond - Bb Page rb1,Real Book 1 v6 (Hal Leonard),46,
Black Narcissus,Black Narcissus - Bb Page rb1,Real Book 1 v6 (Hal Leonard),47,
Black Nile,Black Nile - Bb Page rb1,Real Book 1 v6 (Hal Leonard),48,
Black Orpheus,Black Orpheus - Bb Page rb1,Real Book 1 v6 (Hal Leonard),49,
Blue Bossa,Blue Bossa - Bb Page rb1,Real Book 1 v6 (Hal Leonard),50,
Blue In Green,Blue In Green - Bb Page rb1,Real Book 1 v6 (Hal Leonard),51,
Blue Monk,Blue Monk - Bb Page rb1,Real Book 1 v6 (Hal Leonard),52,
Blue Room,Blue Room - Bb Page rb1,Real Book 1 v6 (Hal Leonard),53,
Blue Train (Blue Trane),Blue Train (Blue Trane) - Bb Page rb1,Real Book 1 v6 (Hal Leonard),54,
Blues For Alice,Blues For Alice - Bb Page rb1,Real Book 1 v6 (Hal Leonard),55,
Bluesette,Bluesette - Bb Page rb1,Real Book 1 v6 (Hal Leonard),56,
Body And Soul,Body And Soul - Bb Page rb1,Real Book 1 v6 (Hal Leonard),57,
Boplicity,Boplicity - Bb Page rb1,Real Book 1 v6 (Hal Leonard),58,
Bright Size Life,Bright Size Life - Bb Page rb1,Real Book 1 v6 (Hal Leonard),59,
Broad Way Blues,Broad Way Blues - Bb Page rb1,Real Book 1 v6 (Hal Leonard),60,
Broadway,Broadway - Bb Page rb1,Real Book 1 v6 (Hal Leonard),61,
But Beautiful,But Beautiful - Bb Page rb1,Real Book 1 v6 (Hal Leonard),62,
Butterfly,Butterfly - Bb Page rb1,Real Book 1 v6 (Hal Leonard),63,
Byrd Like,Byrd Like - Bb Page rb1,Real Book 1 v6 (Hal Leonard),64,
C'est Si Bon (It's So Good),C'est Si Bon (It's So Good) - Bb Page rb1,Real Book 1 v6 (Hal Leonard),65,
Call Me,Call Me - Bb Page rb1,Real Book 1 v6 (Hal Leonard),66,
Call Me Irresponsible,Call Me Irresponsible - Bb Page rb1,Real Book 1 v6 (Hal Leonard),67,
Can't Hrlp Lovin' Dat Man,Can't Hrlp Lovin' Dat Man - Bb Page rb1,Real Book 1 v6 (Hal Leonard),68,
Central Park West,Central Park West - Bb Page rb1,Real Book 1 v6 (Hal Leonard),69,
captain Marvel,captain Marvel - Bb Page rb1,Real Book 1 v6 (Hal Leonard),70,
Ceora,Ceora - Bb Page rb1,Real Book 1 v6 (Hal Leonard),72,
Chelsea Bells,Chelsea Bells - Bb Page rb1,Real Book 1 v6 (Hal Leonard),73,
Chega De Saudade (No More Blues),Chega De Saudade (No More Blues) - Bb Page rb1,Real Book 1 v6 (Hal Leonard),74,
Chelsea Bridge,Chelsea Bridge - Bb Page rb1,Real Book 1 v6 (Hal Leonard),76,
Cherokee,Cherokee - Bb Page rb1,Real Book 1 v6 (Hal Leonard),77,
Cherry Pink And Apple Blossom White,Cherry Pink And Apple Blossom White - Bb Page rb1,Real Book 1 v6 (Hal Leonard),78,
Child Is Born,Child Is Born - Bb Page rb1,Real Book 1 v6 (Hal Leonard),79,
Chippie,Chippie - Bb Page rb1,Real Book 1 v6 (Hal Leonard),80,
Chitlens Con Carne,Chitlens Con Carne - Bb Page rb1,Real Book 1 v6 (Hal Leonard),81,
Come Sunday,Come Sunday - Bb Page rb1,Real Book 1 v6 (Hal Leonard),82,
Como En Vietnam,Como En Vietnam - Bb Page rb1,Real Book 1 v6 (Hal Leonard),83,
Con Alma,Con Alma - Bb Page rb1,Real Book 1 v6 (Hal Leonard),84,
Conception,Conception - Bb Page rb1,Real Book 1 v6 (Hal Leonard),86,
Confirmation,Confirmation - Bb Page rb1,Real Book 1 v6 (Hal Leonard),87,
Contemplation,Contemplation - Bb Page rb1,Real Book 1 v6 (Hal Leonard),88,
Coral,Coral - Bb Page rb1,Real Book 1 v6 (Hal Leonard),89,
Cottontail,Cottontail - Bb Page rb1,Real Book 1 v6 (Hal Leonard),90,
Could It Be You,Could It Be You - Bb Page rb1,Real Book 1 v6 (Hal Leonard),91,
Countdown,Countdown - Bb Page rb1,Real Book 1 v6 (Hal Leonard),92,
Crescent,Crescent - Bb Page rb1,Real Book 1 v6 (Hal Leonard),93,
Crystal Silence,Crystal Silence - Bb Page rb1,Real Book 1 v6 (Hal Leonard),94,
D Natural Blues,D Natural Blues - Bb Page rb1,Real Book 1 v6 (Hal Leonard),95,
Daahoud,Daahoud - Bb Page rb1,Real Book 1 v6 (Hal Leonard),96,
Dancing On The Ceiling,Dancing On The Ceiling - Bb Page rb1,Real Book 1 v6 (Hal Leonard),98,
Darn That Dream,Darn That Dream - Bb Page rb1,Real Book 1 v6 (Hal Leonard),99,
Day Waves,Day Waves - Bb Page rb1,Real Book 1 v6 (Hal Leonard),100,
Days And Nights Waiting,Days And Nights Waiting - Bb Page rb1,Real Book 1 v6 (Hal Leonard),101,
Days Of Wine And Roses,Days Of Wine And Roses - Bb Page rb1,Real Book 1 v6 (Hal Leonard),102,
Dearly Beloved,Dearly Beloved - Bb Page rb1,Real Book 1 v6 (Hal Leonard),103,
Dedicated To You,Dedicated To You - Bb Page rb1,Real Book 1 v6 (Hal Leonard),104,
Detour Ahead,Detour Ahead - Bb Page rb1,Real Book 1 v6 (Hal Leonard),105,
Deluge,Deluge - Bb Page rb1,Real Book 1 v6 (Hal Leonard),106,
Desafinado,Desafinado - Bb Page rb1,Real Book 1 v6 (Hal Leonard),108,
Desert Air,Desert Air - Bb Page rb1,Real Book 1 v6 (Hal Leonard),110,
Dexterity,Dexterity - Bb Page rb1,Real Book 1 v6 (Hal Leonard),112,
Dizzy Atmosphere,Dizzy Atmosphere - Bb Page rb1,Real Book 1 v6 (Hal Leonard),113,
Django,Django - Bb Page rb1,Real Book 1 v6 (Hal Leonard),114,
Doin' The Pig,Doin' The Pig - Bb Page rb1,Real Book 1 v6 (Hal Leonard),116,
Delores,Delores - Bb Page rb1,Real Book 1 v6 (Hal Leonard),118,
Dolphin Dance,Dolphin Dance - Bb Page rb1,Real Book 1 v6 (Hal Leonard),119,
Domino Biscuit,Domino Biscuit - Bb Page rb1,Real Book 1 v6 (Hal Leonard),120,
Don't Blame Me,Don't Blame Me - Bb Page rb1,Real Book 1 v6 (Hal Leonard),121,
Don't Get Around Much Anymore,Don't Get Around Much Anymore - Bb Page rb1,Real Book 1 v6 (Hal Leonard),122,
Donna Lee,Donna Lee - Bb Page rb1,Real Book 1 v6 (Hal Leonard),123,
Dream A Little Dream Of Me,Dream A Little Dream Of Me - Bb Page rb1,Real Book 1 v6 (Hal Leonard),124,
Dreamsville,Dreamsville - Bb Page rb1,Real Book 1 v6 (Hal Leonard),125,
Easter Parade,Easter Parade - Bb Page rb1,Real Book 1 v6 (Hal Leonard),126,
Easy Living,Easy Living - Bb Page rb1,Real Book 1 v6 (Hal Leonard),127,
Easy To Love,Easy To Love - Bb Page rb1,Real Book 1 v6 (Hal Leonard),128,
Ecclusiastics,Ecclusiastics - Bb Page rb1,Real Book 1 v6 (Hal Leonard),129,
Eighty One,Eighty One - Bb Page rb1,Real Book 1 v6 (Hal Leonard),130,
El Gaucho,El Gaucho - Bb Page rb1,Real Book 1 v6 (Hal Leonard),131,
Epistrophy,Epistrophy - Bb Page rb1,Real Book 1 v6 (Hal Leonard),132,
Equinox,Equinox - Bb Page rb1,Real Book 1 v6 (Hal Leonard),133,
Equipoise,Equipoise - Bb Page rb1,Real Book 1 v6 (Hal Leonard),134,
E.S.P.,E.S.P. - Bb Page rb1,Real Book 1 v6 (Hal Leonard),135,
Fall,Fall - Bb Page rb1,Real Book 1 v6 (Hal Leonard),136,
Falling Grace,Falling Grace - Bb Page rb1,Real Book 1 v6 (Hal Leonard),137,
Falling In Love With Love,Falling In Love With Love - Bb Page rb1,Real Book 1 v6 (Hal Leonard),138,
Fee-Fi-Fo-Fum,Fee-Fi-Fo-Fum - Bb Page rb1,Real Book 1 v6 (Hal Leonard),139,
Fine Romance,Fine Romance - Bb Page rb1,Real Book 1 v6 (Hal Leonard),140,
500 Miles High,500 Miles High - Bb Page rb1,Real Book 1 v6 (Hal Leonard),141,
Five Hundred Miles High,Five Hundred Miles High - Bb Page rb1,Real Book 1 v6 (Hal Leonard),141,
502 Blues,502 Blues - Bb Page rb1,Real Book 1 v6 (Hal Leonard),142,
Follow Your Heart,Follow Your Heart - Bb Page rb1,Real Book 1 v6 (Hal Leonard),143,
Footprints,Footprints - Bb Page rb1,Real Book 1 v6 (Hal Leonard),144,
For All We Know,For All We Know - Bb Page rb1,Real Book 1 v6 (Hal Leonard),145,
For Heavens Sake,For Heavens Sake - Bb Page rb1,Real Book 1 v6 (Hal Leonard),146,
For Sentimental Reasons,For Sentimental Reasons - Bb Page rb1,Real Book 1 v6 (Hal Leonard),147,
Forest Flower,Forest Flower - Bb Page rb1,Real Book 1 v6 (Hal Leonard),148,
Four,Four - Bb Page rb1,Real Book 1 v6 (Hal Leonard),149,
Four On Six,Four On Six - Bb Page rb1,Real Book 1 v6 (Hal Leonard),150,
Freddie The Freeloader,Freddie The Freeloader - Bb Page rb1,Real Book 1 v6 (Hal Leonard),151,
Freedom Jazz Dance,Freedom Jazz Dance - Bb Page rb1,Real Book 1 v6 (Hal Leonard),152,
Gee Baby Ain't I Good To You,Gee Baby Ain't I Good To You - Bb Page rb1,Real Book 1 v6 (Hal Leonard),153,
Full House,Full House - Bb Page rb1,Real Book 1 v6 (Hal Leonard),154,
Gemini,Gemini - Bb Page rb1,Real Book 1 v6 (Hal Leonard),156,
Giant Steps,Giant Steps - Bb Page rb1,Real Book 1 v6 (Hal Leonard),157,
Girl From Ipanema,Girl From Ipanema - Bb Page rb1,Real Book 1 v6 (Hal Leonard),158,
Gloria's Step,Gloria's Step - Bb Page rb1,Real Book 1 v6 (Hal Leonard),159,
God Bless The Child,God Bless The Child - Bb Page rb1,Real Book 1 v6 (Hal Leonard),160,
Golden Lady,Golden Lady - Bb Page rb1,Real Book 1 v6 (Hal Leonard),161,
Good Evening Mr. And Mrs.America,Good Evening Mr. And Mrs.America - Bb Page rb1,Real Book 1 v6 (Hal Leonard),162,
Grand Central,Grand Central - Bb Page rb1,Real Book 1 v6 (Hal Leonard),164,
Green Mountains,Green Mountains - Bb Page rb1,Real Book 1 v6 (Hal Leonard),165,
Groovin' High,Groovin' High - Bb Page rb1,Real Book 1 v6 (Hal Leonard),166,
Grow Your Own,Grow Your Own - Bb Page rb1,Real Book 1 v6 (Hal Leonard),167,
Guilty,Guilty - Bb Page rb1,Real Book 1 v6 (Hal Leonard),168,
Gypsy In My Soul,Gypsy In My Soul - Bb Page rb1,Real Book 1 v6 (Hal Leonard),169,
Half Nelson,Half Nelson - Bb Page rb1,Real Book 1 v6 (Hal Leonard),170,
Have You Met Miss Jones,Have You Met Miss Jones - Bb Page rb1,Real Book 1 v6 (Hal Leonard),172,
Heaven,Heaven - Bb Page rb1,Real Book 1 v6 (Hal Leonard),173,
Heebie Jeebies,Heebie Jeebies - Bb Page rb1,Real Book 1 v6 (Hal Leonard),174,
Here's That Rainy Day,Here's That Rainy Day - Bb Page rb1,Real Book 1 v6 (Hal Leonard),175,
Hello Young Lovers,Hello Young Lovers - Bb Page rb1,Real Book 1 v6 (Hal Leonard),176,
Hot Toddy,Hot Toddy - Bb Page rb1,Real Book 1 v6 (Hal Leonard),178,
House Of Jade,House Of Jade - Bb Page rb1,Real Book 1 v6 (Hal Leonard),179,
How High The Moon,How High The Moon - Bb Page rb1,Real Book 1 v6 (Hal Leonard),180,
How Insensitive,How Insensitive - Bb Page rb1,Real Book 1 v6 (Hal Leonard),181,
How My Heart Sings,How My Heart Sings - Bb Page rb1,Real Book 1 v6 (Hal Leonard),182,
Hullo Bolinas,Hullo Bolinas - Bb Page rb1,Real Book 1 v6 (Hal Leonard),183,
I Can't Get Started With You,I Can't Get Started With You - Bb Page rb1,Real Book 1 v6 (Hal Leonard),184,
I Can't Give You Anything But Love,I Can't Give You Anything But Love - Bb Page rb1,Real Book 1 v6 (Hal Leonard),185,
I Could Write A Book,I Could Write A Book - Bb Page rb1,Real Book 1 v6 (Hal Leonard),186,
I Got It Bad And That Ain't Good,I Got It Bad And That Ain't Good - Bb Page rb1,Real Book 1 v6 (Hal Leonard),187,
I Let A Song Go Out Of My Heart,I Let A Song Go Out Of My Heart - Bb Page rb1,Real Book 1 v6 (Hal Leonard),188,
I Love Paris,I Love Paris - Bb Page rb1,Real Book 1 v6 (Hal Leonard),189,
I Love You,I Love You - Bb Page rb1,Real Book 1 v6 (Hal Leonard),190,
I Mean You,I Mean You - Bb Page rb1,Real Book 1 v6 (Hal Leonard),191,
I Remember Clifford,I Remember Clifford - Bb Page rb1,Real Book 1 v6 (Hal Leonard),192,
I Should Care,I Should Care - Bb Page rb1,Real Book 1 v6 (Hal Leonard),194,
I Wish I Knew How It Would Feel To Be Free,I Wish I Knew How It Would Feel To Be Free - Bb Page rb1,Real Book 1 v6 (Hal Leonard),195,
I'll Never Smile Again,I'll Never Smile Again - Bb Page rb1,Real Book 1 v6 (Hal Leonard),196,
I'll Remember April,I'll Remember April - Bb Page rb1,Real Book 1 v6 (Hal Leonard),197,
I'm All Smiles,I'm All Smiles - Bb Page rb1,Real Book 1 v6 (Hal Leonard),198,
I'm Beginning To See The Light,I'm Beginning To See The Light - Bb Page rb1,Real Book 1 v6 (Hal Leonard),200,
I'm Your Pal,I'm Your Pal - Bb Page rb1,Real Book 1 v6 (Hal Leonard),201,
Icarus,Icarus - Bb Page rb1,Real Book 1 v6 (Hal Leonard),202,
If You Never Come To Me,If You Never Come To Me - Bb Page rb1,Real Book 1 v6 (Hal Leonard),204,
Impressions,Impressions - Bb Page rb1,Real Book 1 v6 (Hal Leonard),205,
In A Mellow Tone,In A Mellow Tone - Bb Page rb1,Real Book 1 v6 (Hal Leonard),206,
In A Sentimental Mood,In A Sentimental Mood - Bb Page rb1,Real Book 1 v6 (Hal Leonard),207,
In The Modd,In The Modd - Bb Page rb1,Real Book 1 v6 (Hal Leonard),208,
In The Wee Small Hours Of The Morning,In The Wee Small Hours Of The Morning - Bb Page rb1,Real Book 1 v6 (Hal Leonard),210,
In Your Quiet Place,In Your Quiet Place - Bb Page rb1,Real Book 1 v6 (Hal Leonard),211,
Inchworm,Inchworm - Bb Page rb1,Real Book 1 v6 (Hal Leonard),212,
Indian Lady,Indian Lady - Bb Page rb1,Real Book 1 v6 (Hal Leonard),213,
Inner Urge,Inner Urge - Bb Page rb1,Real Book 1 v6 (Hal Leonard),214,
Interplay,Interplay - Bb Page rb1,Real Book 1 v6 (Hal Leonard),215,
Intrepid Fox,Intrepid Fox - Bb Page rb1,Real Book 1 v6 (Hal Leonard),216,
Invitation,Invitation - Bb Page rb1,Real Book 1 v6 (Hal Leonard),217,
Iris,Iris - Bb Page rb1,Real Book 1 v6 (Hal Leonard),218,
Isn't It Romantic,Isn't It Romantic - Bb Page rb1,Real Book 1 v6 (Hal Leonard),219,
Is You Is Or Is You Ain't,Is You Is Or Is You Ain't - Bb Page rb1,Real Book 1 v6 (Hal Leonard),220,
Isotope,Isotope - Bb Page rb1,Real Book 1 v6 (Hal Leonard),222,
Israel,Israel - Bb Page rb1,Real Book 1 v6 (Hal Leonard),223,
It Don't Mean A Thing,It Don't Mean A Thing - Bb Page rb1,Real Book 1 v6 (Hal Leonard),224,
It's Easy To Remember,It's Easy To Remember - Bb Page rb1,Real Book 1 v6 (Hal Leonard),225,
Jelly Roll,Jelly Roll - Bb Page rb1,Real Book 1 v6 (Hal Leonard),226,
Jordu,Jordu - Bb Page rb1,Real Book 1 v6 (Hal Leonard),227,
Journey To Recife,Journey To Recife - Bb Page rb1,Real Book 1 v6 (Hal Leonard),228,
Joy Spring,Joy Spring - Bb Page rb1,Real Book 1 v6 (Hal Leonard),229,
Juju,Juju - Bb Page rb1,Real Book 1 v6 (Hal Leonard),230,
June In January,June In January - Bb Page rb1,Real Book 1 v6 (Hal Leonard),231,
Jump Monk,Jump Monk - Bb Page rb1,Real Book 1 v6 (Hal Leonard),232,
Just One More Chance,Just One More Chance - Bb Page rb1,Real Book 1 v6 (Hal Leonard),234,
Lady Bird,Lady Bird - Bb Page rb1,Real Book 1 v6 (Hal Leonard),235,
KELO,KELO - Bb Page rb1,Real Book 1 v6 (Hal Leonard),236,
Lady Sings The Blues,Lady Sings The Blues - Bb Page rb1,Real Book 1 v6 (Hal Leonard),238,
Lament,Lament - Bb Page rb1,Real Book 1 v6 (Hal Leonard),239,
Las Vegas Tango,Las Vegas Tango - Bb Page rb1,Real Book 1 v6 (Hal Leonard),240,
Lazy Bird,Lazy Bird - Bb Page rb1,Real Book 1 v6 (Hal Leonard),241,
Lazy River,Lazy River - Bb Page rb1,Real Book 1 v6 (Hal Leonard),242,
Like Someone In Love,Like Someone In Love - Bb Page rb1,Real Book 1 v6 (Hal Leonard),243,
Limehouse Blues,Limehouse Blues - Bb Page rb1,Real Book 1 v6 (Hal Leonard),244,
Little Boat,Little Boat - Bb Page rb1,Real Book 1 v6 (Hal Leonard),245,
Lines And Spaces,Lines And Spaces - Bb Page rb1,Real Book 1 v6 (Hal Leonard),246,
Litha,Litha - Bb Page rb1,Real Book 1 v6 (Hal Leonard),248,
Little Waltz,Little Waltz - Bb Page rb1,Real Book 1 v6 (Hal Leonard),250,
Long Ago And Far Away,Long Ago And Far Away - Bb Page rb1,Real Book 1 v6 (Hal Leonard),251,
Lonnie's Lament,Lonnie's Lament - Bb Page rb1,Real Book 1 v6 (Hal Leonard),252,
Look To The Sky,Look To The Sky - Bb Page rb1,Real Book 1 v6 (Hal Leonard),253,
Love Is The Sweetest Thing,Love Is The Sweetest Thing - Bb Page rb1,Real Book 1 v6 (Hal Leonard),254,
Lucky Southern,Lucky Southern - Bb Page rb1,Real Book 1 v6 (Hal Leonard),255,
Lullaby Of Birdland,Lullaby Of Birdland - Bb Page rb1,Real Book 1 v6 (Hal Leonard),256,
Magician In You The,Magician In You The - Bb Page rb1,Real Book 1 v6 (Hal Leonard),257,
Lush Life,Lush Life - Bb Page rb1,Real Book 1 v6 (Hal Leonard),258,
Majoong,Majoong - Bb Page rb1,Real Book 1 v6 (Hal Leonard),260,
Maiden Voyage,Maiden Voyage - Bb Page rb1,Real Book 1 v6 (Hal Leonard),261,
Man And A Woman (A),Man And A Woman (A) - Bb Page rb1,Real Book 1 v6 (Hal Leonard),262,
Man In The Green Shirt,Man In The Green Shirt - Bb Page rb1,Real Book 1 v6 (Hal Leonard),264,
Meditation,Meditation - Bb Page rb1,Real Book 1 v6 (Hal Leonard),266,
Memories Of Tomorrow,Memories Of Tomorrow - Bb Page rb1,Real Book 1 v6 (Hal Leonard),267,
Michelle,Michelle - Bb Page rb1,Real Book 1 v6 (Hal Leonard),268,
Midnight Mood,Midnight Mood - Bb Page rb1,Real Book 1 v6 (Hal Leonard),269,
Midwestern Night Dream,Midwestern Night Dream - Bb Page rb1,Real Book 1 v6 (Hal Leonard),270,
Milano,Milano - Bb Page rb1,Real Book 1 v6 (Hal Leonard),272,
Minority,Minority - Bb Page rb1,Real Book 1 v6 (Hal Leonard),273,
Miss Ann,Miss Ann - Bb Page rb1,Real Book 1 v6 (Hal Leonard),274,
Missouri Uncompromised,Missouri Uncompromised - Bb Page rb1,Real Book 1 v6 (Hal Leonard),275,
Mr. P.C.,Mr. P.C. - Bb Page rb1,Real Book 1 v6 (Hal Leonard),276,
Misty,Misty - Bb Page rb1,Real Book 1 v6 (Hal Leonard),277,
Miyako,Miyako - Bb Page rb1,Real Book 1 v6 (Hal Leonard),278,
Mood Indigo,Mood Indigo - Bb Page rb1,Real Book 1 v6 (Hal Leonard),279,
Moment's Notice,Moment's Notice - Bb Page rb1,Real Book 1 v6 (Hal Leonard),280,
Moonchild,Moonchild - Bb Page rb1,Real Book 1 v6 (Hal Leonard),282,
Most Beautiful Girl In The World (The),Most Beautiful Girl In The World (The) - Bb Page rb1,Real Book 1 v6 (Hal Leonard),283,
My Buddy,My Buddy - Bb Page rb1,Real Book 1 v6 (Hal Leonard),284,
My Favorite Things,My Favorite Things - Bb Page rb1,Real Book 1 v6 (Hal Leonard),285,
My Foolish Heart,My Foolish Heart - Bb Page rb1,Real Book 1 v6 (Hal Leonard),286,
My Funny Valentine,My Funny Valentine - Bb Page rb1,Real Book 1 v6 (Hal Leonard),287,
My One And Only Love,My One And Only Love - Bb Page rb1,Real Book 1 v6 (Hal Leonard),288,
My Romance,My Romance - Bb Page rb1,Real Book 1 v6 (Hal Leonard),289,
My Shining Hour,My Shining Hour - Bb Page rb1,Real Book 1 v6 (Hal Leonard),290,
My Ship,My Ship - Bb Page rb1,Real Book 1 v6 (Hal Leonard),291,
My Way,My Way - Bb Page rb1,Real Book 1 v6 (Hal Leonard),292,
Naima,Naima - Bb Page rb1,Real Book 1 v6 (Hal Leonard),293,
Mysterious Traveller,Mysterious Traveller - Bb Page rb1,Real Book 1 v6 (Hal Leonard),294,
Nardis,Nardis - Bb Page rb1,Real Book 1 v6 (Hal Leonard),296,
Nefertiti,Nefertiti - Bb Page rb1,Real Book 1 v6 (Hal Leonard),297,
Never Will I Marry,Never Will I Marry - Bb Page rb1,Real Book 1 v6 (Hal Leonard),298,
Nica's Dream,Nica's Dream - Bb Page rb1,Real Book 1 v6 (Hal Leonard),299,
Night Dreamer,Night Dreamer - Bb Page rb1,Real Book 1 v6 (Hal Leonard),300,
Night Has A Thousand Eyes,Night Has A Thousand Eyes - Bb Page rb1,Real Book 1 v6 (Hal Leonard),301,
Night In Tunisia(A),Night In Tunisia(A) - Bb Page rb1,Real Book 1 v6 (Hal Leonard),302,
Nobody Know You When You're down and Out,Nobody Know You When You're down and Out - Bb Page rb1,Real Book 1 v6 (Hal Leonard),303,
Night Train,Night Train - Bb Page rb1,Real Book 1 v6 (Hal Leonard),304,
Nostalgia In Times Square,Nostalgia In Times Square - Bb Page rb1,Real Book 1 v6 (Hal Leonard),306,
Nuages,Nuages - Bb Page rb1,Real Book 1 v6 (Hal Leonard),307,
Old Man From the Old Country,Old Man From the Old Country - Bb Page rb1,Real Book 1 v6 (Hal Leonard),308,
Oleo,Oleo - Bb Page rb1,Real Book 1 v6 (Hal Leonard),309,
Olinoqui Valley,Olinoqui Valley - Bb Page rb1,Real Book 1 v6 (Hal Leonard),310,
Once I Loved,Once I Loved - Bb Page rb1,Real Book 1 v6 (Hal Leonard),311,
Once In Love With Amy,Once In Love With Amy - Bb Page rb1,Real Book 1 v6 (Hal Leonard),312,
One Finger Snap,One Finger Snap - Bb Page rb1,Real Book 1 v6 (Hal Leonard),313,
One Note Samba,One Note Samba - Bb Page rb1,Real Book 1 v6 (Hal Leonard),314,
Orbits,Orbits - Bb Page rb1,Real Book 1 v6 (Hal Leonard),316,
Ornithology,Ornithology - Bb Page rb1,Real Book 1 v6 (Hal Leonard),317,
Out Of Nowhere,Out Of Nowhere - Bb Page rb1,Real Book 1 v6 (Hal Leonard),318,
Paper Doll,Paper Doll - Bb Page rb1,Real Book 1 v6 (Hal Leonard),319,
Passion Dance,Passion Dance - Bb Page rb1,Real Book 1 v6 (Hal Leonard),320,
Passion Flower,Passion Flower - Bb Page rb1,Real Book 1 v6 (Hal Leonard),321,
Peace,Peace - Bb Page rb1,Real Book 1 v6 (Hal Leonard),322,
Peggy's Blue Skylight,Peggy's Blue Skylight - Bb Page rb1,Real Book 1 v6 (Hal Leonard),323,
Pent-Up House,Pent-Up House - Bb Page rb1,Real Book 1 v6 (Hal Leonard),324,
Penthouse Serenade,Penthouse Serenade - Bb Page rb1,Real Book 1 v6 (Hal Leonard),325,
Peri's Scope,Peri's Scope - Bb Page rb1,Real Book 1 v6 (Hal Leonard),326,
Pfrancing (No Blues),Pfrancing (No Blues) - Bb Page rb1,Real Book 1 v6 (Hal Leonard),327,
Pinocchio,Pinocchio - Bb Page rb1,Real Book 1 v6 (Hal Leonard),328,
Pithycanthropus Erectus,Pithycanthropus Erectus - Bb Page rb1,Real Book 1 v6 (Hal Leonard),329,
Portsmouth Figurations,Portsmouth Figurations - Bb Page rb1,Real Book 1 v6 (Hal Leonard),330,
Prelude To A Kiss,Prelude To A Kiss - Bb Page rb1,Real Book 1 v6 (Hal Leonard),331,
Prince Of Darkness,Prince Of Darkness - Bb Page rb1,Real Book 1 v6 (Hal Leonard),332,
P.S. I Love You,P.S. I Love You - Bb Page rb1,Real Book 1 v6 (Hal Leonard),333,
Pussy Cat Dues,Pussy Cat Dues - Bb Page rb1,Real Book 1 v6 (Hal Leonard),334,
Corcovado,Corcovado - Bb Page rb1,Real Book 1 v6 (Hal Leonard),335,
Quiet Night Of Quiet Stars (Corcovado),Quiet Night Of Quiet Stars (Corcovado) - Bb Page rb1,Real Book 1 v6 (Hal Leonard),335,
Quiet Now,Quiet Now - Bb Page rb1,Real Book 1 v6 (Hal Leonard),336,
Recorda-Me,Recorda-Me - Bb Page rb1,Real Book 1 v6 (Hal Leonard),337,
Red Clay,Red Clay - Bb Page rb1,Real Book 1 v6 (Hal Leonard),338,
Reflections,Reflections - Bb Page rb1,Real Book 1 v6 (Hal Leonard),340,
Ring Dem Bells,Ring Dem Bells - Bb Page rb1,Real Book 1 v6 (Hal Leonard),341,
Reincarnation Of A Lovebird (missing),Reincarnation Of A Lovebird (missing) - Bb Page rb1,Real Book 1 v6 (Hal Leonard),342,
Road Song,Road Song - Bb Page rb1,Real Book 1 v6 (Hal Leonard),344,
Round Midnight,Round Midnight - Bb Page rb1,Real Book 1 v6 (Hal Leonard),345,
Ruby My Dear,Ruby My Dear - Bb Page rb1,Real Book 1 v6 (Hal Leonard),346,
Saga Of Harrison Crabpeathers,Saga Of Harrison Crabpeathers - Bb Page rb1,Real Book 1 v6 (Hal Leonard),348,
Satin Doll,Satin Doll - Bb Page rb1,Real Book 1 v6 (Hal Leonard),349,
Scotch And Soda,Scotch And Soda - Bb Page rb1,Real Book 1 v6 (Hal Leonard),350,
Scrapple From The Apple,Scrapple From The Apple - Bb Page rb1,Real Book 1 v6 (Hal Leonard),351,
Sea Journey,Sea Journey - Bb Page rb1,Real Book 1 v6 (Hal Leonard),352,
Seven Come Eleven,Seven Come Eleven - Bb Page rb1,Real Book 1 v6 (Hal Leonard),354,
Sidewinder,Sidewinder - Bb Page rb1,Real Book 1 v6 (Hal Leonard),355,
Seven Steps To Heaven,Seven Steps To Heaven - Bb Page rb1,Real Book 1 v6 (Hal Leonard),356,
Silver Hollow,Silver Hollow - Bb Page rb1,Real Book 1 v6 (Hal Leonard),358,
Sirabhorn,Sirabhorn - Bb Page rb1,Real Book 1 v6 (Hal Leonard),359,
Skating In Central Park,Skating In Central Park - Bb Page rb1,Real Book 1 v6 (Hal Leonard),360,
So Nice (Summer Samba),So Nice (Summer Samba) - Bb Page rb1,Real Book 1 v6 (Hal Leonard),362,
Solar,Solar - Bb Page rb1,Real Book 1 v6 (Hal Leonard),363,
So What,So What - Bb Page rb1,Real Book 1 v6 (Hal Leonard),364,
Solitude,Solitude - Bb Page rb1,Real Book 1 v6 (Hal Leonard),366,
Someday My Prince Will Come,Someday My Prince Will Come - Bb Page rb1,Real Book 1 v6 (Hal Leonard),367,
Some Other Spring,Some Other Spring - Bb Page rb1,Real Book 1 v6 (Hal Leonard),368,
Somebody Love Me,Somebody Love Me - Bb Page rb1,Real Book 1 v6 (Hal Leonard),369,
Some Skunk Funk,Some Skunk Funk - Bb Page rb1,Real Book 1 v6 (Hal Leonard),370,
Sometime Ago,Sometime Ago - Bb Page rb1,Real Book 1 v6 (Hal Leonard),372,
Song For My Father,Song For My Father - Bb Page rb1,Real Book 1 v6 (Hal Leonard),373,
Song Is You,Song Is You - Bb Page rb1,Real Book 1 v6 (Hal Leonard),374,
Sophisticated Lady,Sophisticated Lady - Bb Page rb1,Real Book 1 v6 (Hal Leonard),376,
Sorcerer,Sorcerer - Bb Page rb1,Real Book 1 v6 (Hal Leonard),377,
Speak No Evil,Speak No Evil - Bb Page rb1,Real Book 1 v6 (Hal Leonard),378,
Sphinx (The),Sphinx (The) - Bb Page rb1,Real Book 1 v6 (Hal Leonard),379,
Standing On The Corner,Standing On The Corner - Bb Page rb1,Real Book 1 v6 (Hal Leonard),380,
Star-Crossed Lovers,Star-Crossed Lovers - Bb Page rb1,Real Book 1 v6 (Hal Leonard),381,
Stella By Starlight,Stella By Starlight - Bb Page rb1,Real Book 1 v6 (Hal Leonard),382,
Steps,Steps - Bb Page rb1,Real Book 1 v6 (Hal Leonard),383,
Stolen Moments,Stolen Moments - Bb Page rb1,Real Book 1 v6 (Hal Leonard),384,
Stompin' At The Savoy,Stompin' At The Savoy - Bb Page rb1,Real Book 1 v6 (Hal Leonard),385,
Straight No Chaser,Straight No Chaser - Bb Page rb1,Real Book 1 v6 (Hal Leonard),386,
Sugar,Sugar - Bb Page rb1,Real Book 1 v6 (Hal Leonard),387,
String Of Pearls,String Of Pearls - Bb Page rb1,Real Book 1 v6 (Hal Leonard),388,
Stuff,Stuff - Bb Page rb1,Real Book 1 v6 (Hal Leonard),390,
Sunday Kind Of Love,Sunday Kind Of Love - Bb Page rb1,Real Book 1 v6 (Hal Leonard),392,
Surrey With The Fringe On Top,Surrey With The Fringe On Top - Bb Page rb1,Real Book 1 v6 (Hal Leonard),393,
Swedish Pastry,Swedish Pastry - Bb Page rb1,Real Book 1 v6 (Hal Leonard),394,
Sweet Georgia Bright,Sweet Georgia Bright - Bb Page rb1,Real Book 1 v6 (Hal Leonard),395,
Sweet Henry,Sweet Henry - Bb Page rb1,Real Book 1 v6 (Hal Leonard),396,
Take Five,Take Five - Bb Page rb1,Real Book 1 v6 (Hal Leonard),397,
Take The A Train,Take The A Train - Bb Page rb1,Real Book 1 v6 (Hal Leonard),398,
Thanks For The Memory,Thanks For The Memory - Bb Page rb1,Real Book 1 v6 (Hal Leonard),399,
Tame Thy Pen,Tame Thy Pen - Bb Page rb1,Real Book 1 v6 (Hal Leonard),400,
Tell Me A Bedtime Story,Tell Me A Bedtime Story - Bb Page rb1,Real Book 1 v6 (Hal Leonard),402,
That's Amore,That's Amore - Bb Page rb1,Real Book 1 v6 (Hal Leonard),404,
There Is No Greater Love,There Is No Greater Love - Bb Page rb1,Real Book 1 v6 (Hal Leonard),406,
There Will Never Be Another You,There Will Never Be Another You - Bb Page rb1,Real Book 1 v6 (Hal Leonard),407,
There'll Be Some Changes Made,There'll Be Some Changes Made - Bb Page rb1,Real Book 1 v6 (Hal Leonard),408,
They Didn't Believe Me,They Didn't Believe Me - Bb Page rb1,Real Book 1 v6 (Hal Leonard),409,
Think On Me,Think On Me - Bb Page rb1,Real Book 1 v6 (Hal Leonard),410,
Thou Swell,Thou Swell - Bb Page rb1,Real Book 1 v6 (Hal Leonard),411,
Three Flowers,Three Flowers - Bb Page rb1,Real Book 1 v6 (Hal Leonard),412,
Time Remembered,Time Remembered - Bb Page rb1,Real Book 1 v6 (Hal Leonard),413,
Tones For Joan's Bones,Tones For Joan's Bones - Bb Page rb1,Real Book 1 v6 (Hal Leonard),414,
Topsy,Topsy - Bb Page rb1,Real Book 1 v6 (Hal Leonard),415,
Tour De Force,Tour De Force - Bb Page rb1,Real Book 1 v6 (Hal Leonard),416,
Triste,Triste - Bb Page rb1,Real Book 1 v6 (Hal Leonard),417,
Tune-Up,Tune-Up - Bb Page rb1,Real Book 1 v6 (Hal Leonard),418,
Turn Out The Stars,Turn Out The Stars - Bb Page rb1,Real Book 1 v6 (Hal Leonard),419,
Twisted Blues,Twisted Blues - Bb Page rb1,Real Book 1 v6 (Hal Leonard),420,
Unquity Road,Unquity Road - Bb Page rb1,Real Book 1 v6 (Hal Leonard),421,
Unchain My Heart,Unchain My Heart - Bb Page rb1,Real Book 1 v6 (Hal Leonard),422,
Unity Village,Unity Village - Bb Page rb1,Real Book 1 v6 (Hal Leonard),424,
Up Jumped Spring,Up Jumped Spring - Bb Page rb1,Real Book 1 v6 (Hal Leonard),425,
Upper Manhattan Medical Group,Upper Manhattan Medical Group - Bb Page rb1,Real Book 1 v6 (Hal Leonard),426,
Valse Hot,Valse Hot - Bb Page rb1,Real Book 1 v6 (Hal Leonard),427,
Very Early,Very Early - Bb Page rb1,Real Book 1 v6 (Hal Leonard),428,
Virgo,Virgo - Bb Page rb1,Real Book 1 v6 (Hal Leonard),429,
Wait Till You See Her,Wait Till You See Her - Bb Page rb1,Real Book 1 v6 (Hal Leonard),430,
Wave,Wave - Bb Page rb1,Real Book 1 v6 (Hal Leonard),431,
Waltz For Debby,Waltz For Debby - Bb Page rb1,Real Book 1 v6 (Hal Leonard),432,
We'll Be Together Again,We'll Be Together Again - Bb Page rb1,Real Book 1 v6 (Hal Leonard),434,
Well You Needn't,Well You Needn't - Bb Page rb1,Real Book 1 v6 (Hal Leonard),435,
West Coast Blues,West Coast Blues - Bb Page rb1,Real Book 1 v6 (Hal Leonard),436,
What Am I Here For,What Am I Here For - Bb Page rb1,Real Book 1 v6 (Hal Leonard),437,
What Was,What Was - Bb Page rb1,Real Book 1 v6 (Hal Leonard),438,
When I Fall In Love,When I Fall In Love - Bb Page rb1,Real Book 1 v6 (Hal Leonard),439,
When Sunny Gets Blue,When Sunny Gets Blue - Bb Page rb1,Real Book 1 v6 (Hal Leonard),440,
When You Wish Upon A Star,When You Wish Upon A Star - Bb Page rb1,Real Book 1 v6 (Hal Leonard),441,
Whispering,Whispering - Bb Page rb1,Real Book 1 v6 (Hal Leonard),442,
Windows,Windows - Bb Page rb1,Real Book 1 v6 (Hal Leonard),443,
Wild Flower,Wild Flower - Bb Page rb1,Real Book 1 v6 (Hal Leonard),444,
Witch Hunt,Witch Hunt - Bb Page rb1,Real Book 1 v6 (Hal Leonard),446,
Woodchopper's Ball,Woodchopper's Ball - Bb Page rb1,Real Book 1 v6 (Hal Leonard),447,
Wives And Lovers,Wives And Lovers - Bb Page rb1,Real Book 1 v6 (Hal Leonard),448,
Woody'n You,Woody'n You - Bb Page rb1,Real Book 1 v6 (Hal Leonard),450,
World Is Waiting For The Sunrise (The),World Is Waiting For The Sunrise (The) - Bb Page rb1,Real Book 1 v6 (Hal Leonard),451,
Yes Or No,Yes Or No - Bb Page rb1,Real Book 1 v6 (Hal Leonard),452,
Yesterday,Yesterday - Bb Page rb1,Real Book 1 v6 (Hal Leonard),453,
Yesterdays,Yesterdays - Bb Page rb1,Real Book 1 v6 (Hal Leonard),454,
You Are Too Beautiful,You Are Too Beautiful - Bb Page rb1,Real Book 1 v6 (Hal Leonard),455,
You Are The Sunshine Of My Life,You Are The Sunshine Of My Life - Bb Page rb1,Real Book 1 v6 (Hal Leonard),456,
You Brought A New Kind Of Love To Me,You Brought A New Kind Of Love To Me - Bb Page rb1,Real Book 1 v6 (Hal Leonard),458,
You Don't Know What Love Is,You Don't Know What Love Is - Bb Page rb1,Real Book 1 v6 (Hal Leonard),459,
You Took Advantage Of Me,You Took Advantage Of Me - Bb Page rb1,Real Book 1 v6 (Hal Leonard),460,
Young At Heart,Young At Heart - Bb Page rb1,Real Book 1 v6 (Hal Leonard),461,
You're Nobody 'Til Somebody Loves You,You're Nobody 'Til Somebody Loves You - Bb Page rb1,Real Book 1 v6 (Hal Leonard),462,