Call For All Demons,REALBK1.pdf,14,14
Child Is Born,REALBK1.pdf,15,15
Fine Romance,REALBK1.pdf,16,16
Family Joy,REALBK1.pdf,17,18
Foggy Day,REALBK1.pdf,19,19
Night In Tunisia(A),REALBK1.pdf,20,20
African Flower,REALBK1.pdf,21,21
Afro Blue,REALBK1.pdf,22,22
Afternoon In Paris,REALBK1.pdf,23,23
Airegin,REALBK1.pdf,24,24
Alice In Wonderland,REALBK1.pdf,25,25
All Blues,REALBK1.pdf,26,26
All In Love Is Fair,REALBK1.pdf,27,27
All My Tomorrows,REALBK1.pdf,28,28
All Of Me,REALBK1.pdf,29,29
All Of You,REALBK1.pdf,30,30
All The Things You Are,REALBK1.pdf,31,31
Alone Together,REALBK1.pdf,32,32
Ana Maria,REALBK1.pdf,33,34
And Now The Queen,REALBK1.pdf,35,34
Around Again,REALBK1.pdf,35,35
And On The Third Day,REALBK1.pdf,36,36
Angel Eyes,REALBK1.pdf,37,37
Anthropology,REALBK1.pdf,38,38
April In Paris,REALBK1.pdf,39,39
April Joy,REALBK1.pdf,40,40
Arise Her Eyes,REALBK1.pdf,41,42
Armageddon,REALBK1.pdf,43,43
As Time Goes By,REALBK1.pdf,44,44
Au Privave,REALBK1.pdf,45,45
Autumn In New York,REALBK1.pdf,46,46
Ay Arriba!,REALBK1.pdf,47,48
Autumn Leaves,REALBK1.pdf,49,49
Ballet,REALBK1.pdf,50,50
Batterie,REALBK1.pdf,51,50
Ictus,REALBK1.pdf,51,51
Beautiful Love,REALBK1.pdf,52,52
Beauty And The Blast,REALBK1.pdf,53,53
Beneath It All,REALBK1.pdf,54,54
Bessie's Blues,REALBK1.pdf,55,55
Bewitched,REALBK1.pdf,56,56
Big Nick,REALBK1.pdf,57,57
Bitter Suite In The Ozone,REALBK1.pdf,58,58
Black Diamond,REALBK1.pdf,59,59
Black Narcissus,REALBK1.pdf,60,60
Black Nile,REALBK1.pdf,61,61
Black Orpheus,REALBK1.pdf,62,62
Blessed Relief,REALBK1.pdf,63,63
Blue Bossa,REALBK1.pdf,64,64
Blue Comedy,REALBK1.pdf,65,65
Blue In Green,REALBK1.pdf,66,66
Blue Monk,REALBK1.pdf,67,67
Blue Room,REALBK1.pdf,68,68
Bluesette,REALBK1.pdf,69,69
Blues For Alice,REALBK1.pdf,70,70
Blue Train,REALBK1.pdf,71,71
Body And Soul,REALBK1.pdf,72,72
Boplicity,REALBK1.pdf,73,73
Boston Marathon,REALBK1.pdf,74,74
Brainville,REALBK1.pdf,75,76
Bright Size Life,REALBK1.pdf,77,77
Broadway Blues,REALBK1.pdf,78,78
Brownout,REALBK1.pdf,79,79
But Beautiful,REALBK1.pdf,80,80
Butterfly,REALBK1.pdf,81,82
Captain Marvel,REALBK1.pdf,83,84
Canyon Song,REALBK1.pdf,85,85
Ceora,REALBK1.pdf,86,86
Chega De Saudade,REALBK1.pdf,87,88
Chelsea Bells,REALBK1.pdf,89,89
Chelsea Bridge,REALBK1.pdf,90,90
Cherokee,REALBK1.pdf,91,91
Chicken Feathers,REALBK1.pdf,92,92
Children's Song,REALBK1.pdf,93,94
Colors Of Chloe,REALBK1.pdf,95,97
Chippie,REALBK1.pdf,98,98
Como En Vietnam,REALBK1.pdf,99,100
Come Sunday,REALBK1.pdf,101,101
Con Alma,REALBK1.pdf,102,102
Conception,REALBK1.pdf,103,103
Conference Of The Birds,REALBK1.pdf,104,104
Confirmation,REALBK1.pdf,105,105
Coral,REALBK1.pdf,106,105
Moonchild,REALBK1.pdf,106,106
Corcovado,REALBK1.pdf,107,107
Cottontail,REALBK1.pdf,108,108
Could It Be You,REALBK1.pdf,109,109
Countdown,REALBK1.pdf,110,110
Country Roads,REALBK1.pdf,111,111
Crescent,REALBK1.pdf,112,112
Crystal Silence,REALBK1.pdf,113,113
Daahoud,REALBK1.pdf,114,114
Dancing On The Ceiling,REALBK1.pdf,115,115
Darn That Dream,REALBK1.pdf,116,116
Days And Nights Waiting,REALBK1.pdf,117,117
Days Of Wine And Roses,REALBK1.pdf,118,118
Day Waves,REALBK1.pdf,119,119
Dearly Beloved,REALBK1.pdf,120,120
Dear Old Stockholm,REALBK1.pdf,121,121
Delores,REALBK1.pdf,122,122
De Pois De Amor O Vazio,REALBK1.pdf,123,124
Desafinado,REALBK1.pdf,125,126
Desert Air,REALBK1.pdf,127,128
Deluge,REALBK1.pdf,129,129
Dexterity,REALBK1.pdf,130,130
Doin' The Pig,REALBK1.pdf,131,132
Django,REALBK1.pdf,133,133
Dolphin The,REALBK1.pdf,134,134
Dolphin Dance,REALBK1.pdf,135,135
Domino Biscuit,REALBK1.pdf,136,136
Donna Lee,REALBK1.pdf,137,137
Don't Blame Me,REALBK1.pdf,138,138
Don't Get Around Much Anymore,REALBK1.pdf,139,139
Duke The,REALBK1.pdf,140,140
12-4 2-4/Duplicities,REALBK1.pdf,141,141
Easy Living,REALBK1.pdf,142,142
Easy To Love,REALBK1.pdf,143,143
Ecclusiastics,REALBK1.pdf,144,144
Eiderdown,REALBK1.pdf,145,146
Eighty One,REALBK1.pdf,147,147
El Gaucho,REALBK1.pdf,148,148
Elizete,REALBK1.pdf,149,149
Empathy,REALBK1.pdf,150,150
Epistrophy,REALBK1.pdf,151,151
Equinox,REALBK1.pdf,152,152
Equipoise,REALBK1.pdf,153,153
E.S.P.,REALBK1.pdf,154,154
Exercise #3,REALBK1.pdf,155,155
Exercise #6,REALBK1.pdf,156,156
Fables Of Faubus,REALBK1.pdf,157,158
Fall,REALBK1.pdf,159,159
Falling Grace,REALBK1.pdf,160,160
Falling In Love With Love,REALBK1.pdf,161,161
Fee-Fi-Fo-Fum,REALBK1.pdf,162,162
Feelings And Things,REALBK1.pdf,163,163
Fields We Know(The),REALBK1.pdf,164,164
Five Hundred Miles High,REALBK1.pdf,165,165
502 Blues,REALBK1.pdf,166,166
Follow Your Heart,REALBK1.pdf,167,168
Central Park West,REALBK1.pdf,169,168
Flags,REALBK1.pdf,169,169
Footprints,REALBK1.pdf,170,170
Forest Flower,REALBK1.pdf,171,171
For Heavens Sake,REALBK1.pdf,172,172
Fortune Smiles,REALBK1.pdf,173,173
Four,REALBK1.pdf,174,174
Four On Six,REALBK1.pdf,175,175
Four Winds,REALBK1.pdf,176,176
Freddie The Freeloader,REALBK1.pdf,177,177
Freedom Jazz Dance,REALBK1.pdf,178,178
Gary's Waltz,REALBK1.pdf,179,179
Gemini,REALBK1.pdf,180,180
General Mojo's Well Laid Plan,REALBK1.pdf,181,181
Gentle Rain,REALBK1.pdf,182,182
Giant Steps,REALBK1.pdf,183,183
Girl From Ipanema,REALBK1.pdf,184,184
Gloria's Step,REALBK1.pdf,185,185
God Bless The Child,REALBK1.pdf,186,186
Golden Lady,REALBK1.pdf,187,187
Goodbye Porkpie Hat,REALBK1.pdf,188,188
Good Evening Mr. And Mrs.America,REALBK1.pdf,189,190
Grand Central,REALBK1.pdf,191,191
Green Dolphin Street,REALBK1.pdf,192,192
Green Mountains,REALBK1.pdf,193,193
Groovin' High,REALBK1.pdf,194,194
Grow Your Own,REALBK1.pdf,195,196
Half Nelson,REALBK1.pdf,197,197
Hassan's Dream,REALBK1.pdf,198,198
Have You Met Miss Jones,REALBK1.pdf,199,199
Heaven,REALBK1.pdf,200,200
Hello Young Lovers,REALBK1.pdf,201,202
Henninger Flats,REALBK1.pdf,203,203
Here's That Rainy Day,REALBK1.pdf,204,204
Herzog,REALBK1.pdf,205,206
Hey There,REALBK1.pdf,207,207
Hold Out Your Hand,REALBK1.pdf,208,208
Hotel Overture,REALBK1.pdf,209,209
Hotel Vamp,REALBK1.pdf,210,210
Hotel Hello,REALBK1.pdf,211,212
Sweeping Up,REALBK1.pdf,213,213
House Of Jade,REALBK1.pdf,214,214
How High The Moon,REALBK1.pdf,215,215
How Insensitive,REALBK1.pdf,216,216
How My Heart Sings,REALBK1.pdf,217,217
Hullo Bolinas,REALBK1.pdf,218,218
Icarus,REALBK1.pdf,219,220
I Can't Get Started,REALBK1.pdf,221,221
I Could Write A Book,REALBK1.pdf,222,222
Ida Lupino,REALBK1.pdf,223,224
If You Never Come To Me,REALBK1.pdf,225,225
I Got It Bad,REALBK1.pdf,226,226
I Let A Song Go Out Of My Heart,REALBK1.pdf,227,227
I Love You,REALBK1.pdf,228,228
I'm All Smiles,REALBK1.pdf,229,230
I'll Remember April,REALBK1.pdf,231,231
I Mean You,REALBK1.pdf,232,232
Impressions,REALBK1.pdf,233,233
I'm Your Pal,REALBK1.pdf,234,234
In A Mellow Tone,REALBK1.pdf,235,235
In A Sentimental Mood,REALBK1.pdf,236,236
Inchworm,REALBK1.pdf,237,237
Indian Lady,REALBK1.pdf,238,238
Inside In,REALBK1.pdf,239,241
Inner Urge,REALBK1.pdf,242,242
Interplay,REALBK1.pdf,243,243
Intrepid Fox,REALBK1.pdf,244,244
In Your Own Sweet Way,REALBK1.pdf,245,245
In Your Quiet Place,REALBK1.pdf,246,246
Invitation,REALBK1.pdf,247,247
I Remember Clifford,REALBK1.pdf,248,248
Iris,REALBK1.pdf,249,249
I Should Care,REALBK1.pdf,250,250
Isn't It Romantic,REALBK1.pdf,251,251
Isotope,REALBK1.pdf,252,252
Israel,REALBK1.pdf,253,253
It Don't Mean A Thing,REALBK1.pdf,254,254
It's A Raggy Waltz,REALBK1.pdf,255,255
Jelly Roll,REALBK1.pdf,256,256
Jinrikisha,REALBK1.pdf,257,257
Jordu,REALBK1.pdf,258,258
Journey To Recife,REALBK1.pdf,259,259
Joy Spring,REALBK1.pdf,260,261
Just Friends,REALBK1.pdf,262,262
Jump Monk,REALBK1.pdf,263,264
June 15th 1967,REALBK1.pdf,265,266
La Fiesta,REALBK1.pdf,267,268
Lady Bird,REALBK1.pdf,269,269
Lament,REALBK1.pdf,270,270
Las Vegas Tango,REALBK1.pdf,271,271
Lazy Bird,REALBK1.pdf,272,272
Leroy The Magician,REALBK1.pdf,273,273
Lie Awake,REALBK1.pdf,274,274
Like Someone In Love,REALBK1.pdf,275,275
Limehouse Blues,REALBK1.pdf,276,276
Litha,REALBK1.pdf,277,278
Little B's Poem,REALBK1.pdf,279,279
Little Niles,REALBK1.pdf,280,280
Liturgy,REALBK1.pdf,281,282
Little Waltz,REALBK1.pdf,283,283
Long As You Know You're  Living Yours,REALBK1.pdf,284,284
Long Ago And Far Away,REALBK1.pdf,285,285
Lonnie's Lament,REALBK1.pdf,286,286
Look To The Sky,REALBK1.pdf,287,287
Looking Back,REALBK1.pdf,288,288
Lucky Southern,REALBK1.pdf,289,289
Lullaby Of Birdland,REALBK1.pdf,290,290
Lush Life,REALBK1.pdf,291,292
Magician In You The,REALBK1.pdf,293,293
Maiden Voyage,REALBK1.pdf,294,294
Mallet Man,REALBK1.pdf,295,296
Man In The Green Shirt,REALBK1.pdf,297,298
Majoong,REALBK1.pdf,299,299
May Dance,REALBK1.pdf,300,300
Meditation,REALBK1.pdf,301,301
Memories Of Tomorrow,REALBK1.pdf,302,302
Mevlevia,REALBK1.pdf,303,304
Michelle,REALBK1.pdf,305,305
Midnight Mood,REALBK1.pdf,306,306
Milano,REALBK1.pdf,307,307
Minority,REALBK1.pdf,308,308
Misty,REALBK1.pdf,309,309
Miyako,REALBK1.pdf,310,310
Molten Glass,REALBK1.pdf,311,311
Moment's Notice,REALBK1.pdf,312,312
Montage,REALBK1.pdf,313,313
Mood Indigo,REALBK1.pdf,314,314
Moon Germs,REALBK1.pdf,315,315
More I See You(The),REALBK1.pdf,316,316
Mother Of The Dead Man,REALBK1.pdf,317,317
Memphis Underground,REALBK1.pdf,318,317
Mr. P.C.,REALBK1.pdf,318,318
My Favorite Things,REALBK1.pdf,319,319
My Foolish Heart,REALBK1.pdf,320,320
My Funny Valentine,REALBK1.pdf,321,321
My Little Boat,REALBK1.pdf,322,322
My One And Only Love,REALBK1.pdf,323,323
My Romance,REALBK1.pdf,324,324
Mysterious Traveler,REALBK1.pdf,325,326
My Ship,REALBK1.pdf,327,327
Naima,REALBK1.pdf,328,328
Nardis,REALBK1.pdf,329,329
Nefertiti,REALBK1.pdf,330,330
Never Will I Marry,REALBK1.pdf,331,331
Nica's Dream,REALBK1.pdf,332,332
Night And Day,REALBK1.pdf,333,333
Night Dreamer,REALBK1.pdf,334,334
Night Has A Thousand Eyes,REALBK1.pdf,335,335
Nimbus,REALBK1.pdf,336,336
Nonsequence,REALBK1.pdf,337,338
Nostalgia In Times Square,REALBK1.pdf,339,339
Oleo,REALBK1.pdf,340,340
Olhos De Gato,REALBK1.pdf,341,341
Once I Loved,REALBK1.pdf,342,342
One Finger Snap,REALBK1.pdf,343,343
One Note Samba,REALBK1.pdf,344,344
Open Your Eyes You Can Fly,REALBK1.pdf,345,346
Orbits,REALBK1.pdf,347,347
Ornithology,REALBK1.pdf,348,348
Out Of Nowhere,REALBK1.pdf,349,349
Passion Dance,REALBK1.pdf,350,350
Peaches En Regalia,REALBK1.pdf,351,352
Peace,REALBK1.pdf,353,353
Pearlie's Swine,REALBK1.pdf,354,354
Pee Wee,REALBK1.pdf,355,355
Peggy's Blue Skylight,REALBK1.pdf,356,356
Pensativa,REALBK1.pdf,357,358
Pent-Up House,REALBK1.pdf,359,359
Peri's Scope,REALBK1.pdf,360,360
Pfrancing (No Blues),REALBK1.pdf,361,361
Pinocchio,REALBK1.pdf,362,362
Pithycanthropus Erectus,REALBK1.pdf,363,363
Played Twice,REALBK1.pdf,364,364
Portsmouth Figurations,REALBK1.pdf,365,365
Prelude To A Kiss,REALBK1.pdf,366,366
Prince Of Darkness,REALBK1.pdf,367,367
Pussy Cat Dues,REALBK1.pdf,368,368
Quiet Now,REALBK1.pdf,369,369
Raven (The),REALBK1.pdf,370,370
Real Guitarist,REALBK1.pdf,371,371
Recordame,REALBK1.pdf,372,372
Reincarnation Of A Lovebird,REALBK1.pdf,373,374
Red Clay,REALBK1.pdf,375,375
Resolution,REALBK1.pdf,376,376
Round Midnight,REALBK1.pdf,377,377
Saga Of Harrison Crabpeathers,REALBK1.pdf,378,378
Same Shame,REALBK1.pdf,379,379
Satin Doll,REALBK1.pdf,380,380
Scotch 'N' Soda,REALBK1.pdf,381,381
Scrapple From The Apple,REALBK1.pdf,382,382
Sea Journey,REALBK1.pdf,383,384
Self Portrait In 3 Colors,REALBK1.pdf,385,385
Semblence,REALBK1.pdf,386,386
Senor Mouse,REALBK1.pdf,387,389
Serenade To A Cuckoo,REALBK1.pdf,390,390
Seven Come Eleven,REALBK1.pdf,391,391
Seven Steps To Heaven,REALBK1.pdf,392,392
Shades Of Light,REALBK1.pdf,393,393
Shadow Of Your Smile,REALBK1.pdf,394,394
Sidewinder,REALBK1.pdf,395,395
Sing Me Softly Of The Blues,REALBK1.pdf,396,396
Skating In Central Park,REALBK1.pdf,397,397
Slowly Gone Bygone,REALBK1.pdf,398,398
Solar,REALBK1.pdf,399,399
Solitude,REALBK1.pdf,400,400
Someday My Prince Will Come,REALBK1.pdf,401,401
Some Other Time,REALBK1.pdf,402,402
Some Skunk Funk,REALBK1.pdf,403,404
Sometime Ago,REALBK1.pdf,405,405
Song,REALBK1.pdf,406,406
Song For My Father,REALBK1.pdf,407,407
Song Is You,REALBK1.pdf,408,408
Son Of Mr. Green Genes,REALBK1.pdf,409,409
Sophisticated Lady,REALBK1.pdf,410,410
Sorcerer,REALBK1.pdf,411,411
So What,REALBK1.pdf,412,412
Space Circus Part 1,REALBK1.pdf,413,414
Space Circus Part 2,REALBK1.pdf,415,416
Speak No Evil,REALBK1.pdf,417,417
Spiral Dance,REALBK1.pdf,418,418
Spring Is Here,REALBK1.pdf,419,419
Star-Crossed Lovers,REALBK1.pdf,420,420
Stella By Starlight,REALBK1.pdf,421,421
Steps,REALBK1.pdf,422,422
Stolen Moments,REALBK1.pdf,423,423
Stompin' At The Savoy,REALBK1.pdf,424,424
Straight No Chaser,REALBK1.pdf,425,425
Stuff,REALBK1.pdf,426,426
Sugar,REALBK1.pdf,427,427
Summer Samba,REALBK1.pdf,428,428
Swedish Pastry,REALBK1.pdf,429,429
Sweet Georgia Bright,REALBK1.pdf,430,430
Sweet Henry,REALBK1.pdf,431,431
Sweet Rain,REALBK1.pdf,432,432
Take Five,REALBK1.pdf,433,433
Take The A Train,REALBK1.pdf,434,434
Tame Thy Pen,REALBK1.pdf,435,435
There Is No Greater Love,REALBK1.pdf,436,436
Tell Me A Bedtime Story,REALBK1.pdf,437,438
There Will Never Be Another You,REALBK1.pdf,439,439
They Can't Take That Away From Me,REALBK1.pdf,440,440
Think On Me,REALBK1.pdf,441,441
Three Flowers,REALBK1.pdf,442,442
Tones For Joan's Bones,REALBK1.pdf,443,444
Time Remembered,REALBK1.pdf,445,445
Tough Talk,REALBK1.pdf,446,446
Train Samba,REALBK1.pdf,447,447
Trance,REALBK1.pdf,448,448
Triste,REALBK1.pdf,449,449
Tune-Up,REALBK1.pdf,450,450
Turn Out The Stars,REALBK1.pdf,451,451
Unquity Road,REALBK1.pdf,452,452
Up Jumped Spring,REALBK1.pdf,453,453
Upper Manhattan Medical Group,REALBK1.pdf,454,454
Vashkar,REALBK1.pdf,455,455
Very Early,REALBK1.pdf,456,456
Virgo,REALBK1.pdf,457,457
Wait Till You See Her,REALBK1.pdf,458,458
Walkin',REALBK1.pdf,459,459
Walter L.,REALBK1.pdf,460,460
Waltz,REALBK1.pdf,461,461
Waltz For A Lovely Wife,REALBK1.pdf,462,462
Waltz For Derby,REALBK1.pdf,463,463
Waltzin',REALBK1.pdf,464,464
Wave,REALBK1.pdf,465,465
We'll Be Together Again,REALBK1.pdf,466,466
Well You Needn't,REALBK1.pdf,467,467
West Coast Blues,REALBK1.pdf,468,468
What Am I Here For,REALBK1.pdf,469,469
What Are You Doing The Rest Of Your Life,REALBK1.pdf,470,470
What Was,REALBK1.pdf,471,472
What Is This Thing Love,REALBK1.pdf,473,473
When I Fall In Love,REALBK1.pdf,474,474
When Sunny Gets Blue,REALBK1.pdf,475,475
Where Are You,REALBK1.pdf,476,476
Wild Flower,REALBK1.pdf,477,478
Windows,REALBK1.pdf,479,480
Wings Of Karma,REALBK1.pdf,481,481
Witch Hunt,REALBK1.pdf,482,482
Woody'n You,REALBK1.pdf,483,483
Yes Or No,REALBK1.pdf,484,484
Yesterday,REALBK1.pdf,485,485
Yesterdays,REALBK1.pdf,486,486
You Are The Sunshine Of My Life,REALBK1.pdf,487,487
You Are Too Beautiful,REALBK1.pdf,488,488
You Don't Know What Love Is,REALBK1.pdf,489,489
You Took Advantage Of Me,REALBK1.pdf,490,497
Alfie,REALBK1.pdf,498,498
Black Monday,REALBK1.pdf,499,499
Contemplation,REALBK1.pdf,500,500
The Disguise The Sphinx,REALBK1.pdf,501,501
Kelo,REALBK1.pdf,502,502
I'm Afraid,REALBK1.pdf,503,503
Mr. Jin,REALBK1.pdf,504,504
Olinoqui Valley,REALBK1.pdf,505,505
Plain Jane,REALBK1.pdf,506,506
Perfect Love,REALBK1.pdf,507,507
Reflections,REALBK1.pdf,508,508
Road Song,REALBK1.pdf,509,509
Valse Hot,REALBK1.pdf,510,510
