Ablution,realbk2h.pdf,10,10
Adam's Apple,realbk2h.pdf,11,11
Affirmation,realbk2h.pdf,12,12
Airmail Special,realbk2h.pdf,13,13
Alfie's Theme,realbk2h.pdf,14,14
All Alone,realbk2h.pdf,15,15
My Hear Sings,realbk2h.pdf,16,16
Alto Itis,realbk2h.pdf,17,17
Another Star,realbk2h.pdf,18,19
April,realbk2h.pdf,20,21
Are You Havin' Any Fun,realbk2h.pdf,22,22
Ask Me Now,realbk2h.pdf,23,23
At The Mambo Inn,realbk2h.pdf,24,24
Avalon,realbk2h.pdf,25,25
Azure,realbk2h.pdf,26,26
Ba-Lue Bolivar Ba-Lues-Are,realbk2h.pdf,27,27
Baby It's Cold Outside,realbk2h.pdf,28,28
Bags And Trane,realbk2h.pdf,29,29
Bags' Groove,realbk2h.pdf,30,30
Bali Hai'i,realbk2h.pdf,31,31
Ballad (A),realbk2h.pdf,32,33
Baltimore Oriole,realbk2h.pdf,34,34
Barbados,realbk2h.pdf,35,35
Barbara,realbk2h.pdf,36,36
Basin Street Blues,realbk2h.pdf,37,37
Be Bop,realbk2h.pdf,38,38
Better Leave It Alone,realbk2h.pdf,39,39
Beyond The Sea,realbk2h.pdf,40,40
Big P,realbk2h.pdf,41,41
Bills' Hit Tune,realbk2h.pdf,42,42
Billie's Blues,realbk2h.pdf,43,43
Billie's Bounce,realbk2h.pdf,44,44
Bird Feathers,realbk2h.pdf,45,45
Birdland,realbk2h.pdf,46,47
Birk's Works,realbk2h.pdf,48,48
Birth Of The Blues,realbk2h.pdf,49,49
Black And Tan Fantasy,realbk2h.pdf,50,50
Blame It On My Youth,realbk2h.pdf,51,51
Bloomdido,realbk2h.pdf,52,52
Blow Mr Dexter,realbk2h.pdf,53,53
Blue 'N Boogie',realbk2h.pdf,54,54
Blue Serge,realbk2h.pdf,55,55
Blue Seven,realbk2h.pdf,56,56
Blue Silver,realbk2h.pdf,57,57
Blue Skies,realbk2h.pdf,58,58
Blues By Five,realbk2h.pdf,59,59
Blues For Wood,realbk2h.pdf,60,60
Blues In The Closet,realbk2h.pdf,61,61
Blue March,realbk2h.pdf,62,62
Bohemia After Dark,realbk2h.pdf,63,63
Booker's Waltz,realbk2h.pdf,64,64
Brian's Song,realbk2h.pdf,65,65
Bouncing With Bud,realbk2h.pdf,66,67
Bright Boy,realbk2h.pdf,68,68
Brilliant Corners,realbk2h.pdf,69,69
Budo,realbk2h.pdf,70,70
Bunko,realbk2h.pdf,71,71
Buster Rides Again,realbk2h.pdf,72,72
Bye Bye Blackbird,realbk2h.pdf,73,73
C Jam Blues,realbk2h.pdf,74,74
Candy,realbk2h.pdf,75,75
Cantelope Island,realbk2h.pdf,76,76
Caravan,realbk2h.pdf,77,77
Cast Your Fat To The Wind,realbk2h.pdf,78,78
Chameleon,realbk2h.pdf,79,79
Champ (The),realbk2h.pdf,80,80
Chasin' The Train,realbk2h.pdf,81,81
Cheese Cake,realbk2h.pdf,82,83
Circle,realbk2h.pdf,84,85
Close Your Eyes,realbk2h.pdf,86,86
Cold Duck Time,realbk2h.pdf,87,87
Come Rain Or Come Shine,realbk2h.pdf,88,88
Comin' Home Baby,realbk2h.pdf,89,89
Cooker (The),realbk2h.pdf,90,90
Cool Blues,realbk2h.pdf,91,91
Core (The),realbk2h.pdf,92,92
Cousin Mary,realbk2h.pdf,93,93
Crazeology,realbk2h.pdf,94,94
Crepuscule,realbk2h.pdf,95,95
Criss Cross,realbk2h.pdf,96,96
Cross Current,realbk2h.pdf,97,97
Dance Of The Infidels,realbk2h.pdf,98,98
Dat Dere,realbk2h.pdf,99,99
Day By Day,realbk2h.pdf,100,100
Dewey Square,realbk2h.pdf,101,101
Dexter Rides Again,realbk2h.pdf,102,102
Didn't We,realbk2h.pdf,103,103
Dinah,realbk2h.pdf,104,104
Dindi,realbk2h.pdf,105,105
Do I Love You Because You're Beautiful?,realbk2h.pdf,106,106
Do Nothing Till You Hear From Me,realbk2h.pdf,107,107
Do You Know What It Means To Miss New Orleans,realbk2h.pdf,108,108
Don't Explain,realbk2h.pdf,109,109
Down For Double,realbk2h.pdf,110,110
Doxy,realbk2h.pdf,111,111
Drive (The),realbk2h.pdf,112,112
Duff,realbk2h.pdf,113,113
Early Autumn,realbk2h.pdf,114,114
Eclypso,realbk2h.pdf,115,115
Einbahnstrasse,realbk2h.pdf,116,116
Elora,realbk2h.pdf,117,117
Emancipation Blues,realbk2h.pdf,118,118
Epilogue,realbk2h.pdf,119,119
Estate,realbk2h.pdf,120,120
Everything I Have Is Yours,realbk2h.pdf,121,121
Eye Of The Hurricane,realbk2h.pdf,122,122
Farmer's Trust,realbk2h.pdf,123,123
Ezz-Thetic,realbk2h.pdf,124,125
Feels So Good,realbk2h.pdf,126,127
Fever,realbk2h.pdf,128,128
52nd Street Theme,realbk2h.pdf,129,129
Filthy McNasty,realbk2h.pdf,130,130
First Trip,realbk2h.pdf,131,131
Five Brothers,realbk2h.pdf,132,132
Five Spot After Dark,realbk2h.pdf,133,133
Flower Is A Lonesome Thing (A),realbk2h.pdf,134,134
Fly Me To The Moon,realbk2h.pdf,135,135
Flying Home,realbk2h.pdf,136,136
Folks Who Live On The Hill (The),realbk2h.pdf,137,137
Four Brothers,realbk2h.pdf,138,138
Freight Trane,realbk2h.pdf,139,139
Fox Hunt,realbk2h.pdf,140,141
Frenesi,realbk2h.pdf,142,142
Frim Fram Sauce (The),realbk2h.pdf,143,143
Funky,realbk2h.pdf,144,144
Georgia On My Mind,realbk2h.pdf,145,145
Get Me To The Church On Time,realbk2h.pdf,146,147
Get Out Of Town,realbk2h.pdf,148,148
Gettin' It Togetha,realbk2h.pdf,149,149
Gift! (The),realbk2h.pdf,150,150
Girl Talk,realbk2h.pdf,151,151
Gravy Waltz,realbk2h.pdf,152,152
Gregory Is Here,realbk2h.pdf,153,153
Groove Yard,realbk2h.pdf,154,154
Hackensack,realbk2h.pdf,155,155
Hallucinations,realbk2h.pdf,156,156
Happy Little Sunbeam,realbk2h.pdf,157,157
Havona,realbk2h.pdf,158,159
Head And Shoulders,realbk2h.pdf,160,160
High Fly,realbk2h.pdf,161,161
Hi Beck,realbk2h.pdf,162,163
Ho-Ba-La-La,realbk2h.pdf,164,164
Hocus Pocus,realbk2h.pdf,165,165
Holy Land,realbk2h.pdf,166,166
Honeysuckle Rose,realbk2h.pdf,167,167
Horace Scope,realbk2h.pdf,168,168
Hucklebuck (The),realbk2h.pdf,169,169
Hummin,realbk2h.pdf,170,170
Humpty Dumpty,realbk2h.pdf,171,171
I Believe In You,realbk2h.pdf,172,172
I Don't Stand A Ghost Of A Chance,realbk2h.pdf,173,173
I Get Along Without You Very Well,realbk2h.pdf,174,175
I Have Dreamed,realbk2h.pdf,176,176
I Hear A Rhapsody,realbk2h.pdf,177,177
I Remember Bird,realbk2h.pdf,178,178
I Remember You,realbk2h.pdf,179,179
I Thought About You,realbk2h.pdf,180,180
I Will Wait For You,realbk2h.pdf,181,181
I Wish I Didn't Love You So,realbk2h.pdf,182,182
I'll Know,realbk2h.pdf,183,183
I'm A Fool To Want You,realbk2h.pdf,184,184
I'm Confessin' (That I Love You),realbk2h.pdf,185,185
I'm Just A Lucky So And So,realbk2h.pdf,186,186
I'm Putting All My Eggs In One Basket,realbk2h.pdf,187,187
I've Found A New Baby,realbk2h.pdf,188,188
I've Told Ev'ry Little Star,realbk2h.pdf,189,189
Ice Cream Konitz,realbk2h.pdf,190,190
Idol Gossip,realbk2h.pdf,191,191
If I Loved You,realbk2h.pdf,192,192
If I Should Lose You,realbk2h.pdf,193,193
If I were A Bell,realbk2h.pdf,194,194
Imagination,realbk2h.pdf,195,195
In Case You Haven't Heard,realbk2h.pdf,196,196
In Pursuit Of The 27th Man,realbk2h.pdf,197,197
In The Still Of The Night,realbk2h.pdf,198,199
In Walked Bud,realbk2h.pdf,200,200
Indiana,realbk2h.pdf,201,201
Infant Eyes,realbk2h.pdf,202,202
Island Birdie,realbk2h.pdf,203,203
It Could Happen To You,realbk2h.pdf,204,204
It Might As Well Be Spring,realbk2h.pdf,205,205
It Will Have To Do Until The Real Thing Comes Along,realbk2h.pdf,206,206
It's A Blue World,realbk2h.pdf,207,207
It's All Right With Me,realbk2h.pdf,208,208
It's Only A Paper Moon,realbk2h.pdf,209,209
It's So Peaceful In The Country,realbk2h.pdf,210,210
Jackie,realbk2h.pdf,211,211
Jeannine,realbk2h.pdf,212,212
Jingles,realbk2h.pdf,213,213
Jitterbug Waltz,realbk2h.pdf,214,214
Jody Grind,realbk2h.pdf,215,215
Joyce's Samba,realbk2h.pdf,216,216
Jump Jive An' Wail,realbk2h.pdf,217,217
Jumping With Symphony Sid,realbk2h.pdf,218,218
June Is Bustin' Out All Over,realbk2h.pdf,219,219
Just A Few,realbk2h.pdf,220,220
Just A-Sittin' and A-Rockin',realbk2h.pdf,221,221
Just In Time,realbk2h.pdf,222,222
Kary's Trance,realbk2h.pdf,223,223
Just The Way You Are,realbk2h.pdf,224,225
Katrina Ballerina,realbk2h.pdf,226,226
Kicker (The),realbk2h.pdf,227,227
Kids Are Pretty People,realbk2h.pdf,228,228
Killer Joe,realbk2h.pdf,229,229
Lady Day,realbk2h.pdf,230,230
Lakes,realbk2h.pdf,231,231
Last Night When We Were Young,realbk2h.pdf,232,232
Last Time I Saw Paris (The),realbk2h.pdf,233,233
Leila,realbk2h.pdf,234,234
Lennie's Pennies,realbk2h.pdf,235,235
Let's Cool One,realbk2h.pdf,236,236
Let's Fall In Love,realbk2h.pdf,237,237
Let's Get Lost,realbk2h.pdf,238,238
Like Sonny,realbk2h.pdf,239,239
Like Young,realbk2h.pdf,240,240
Limbo,realbk2h.pdf,241,241
Little Chicago Fire,realbk2h.pdf,242,242
Little Rootie Tootie,realbk2h.pdf,243,243
Little Sunflower,realbk2h.pdf,244,244
Locomotion,realbk2h.pdf,245,245
Lone Jack,realbk2h.pdf,246,247
Lonely Dreams,realbk2h.pdf,248,248
Look For The Silver Lining,realbk2h.pdf,249,249
Lotus Blossom,realbk2h.pdf,250,250
Love Is Just Around The Corner,realbk2h.pdf,251,251
Love Look Away,realbk2h.pdf,252,252
Love Vibrations,realbk2h.pdf,253,253
Lovely Way To Spend An Evening (A),realbk2h.pdf,254,254
Lover Man,realbk2h.pdf,255,255
Lover,realbk2h.pdf,256,257
Make Someone Happy,realbk2h.pdf,258,258
Manteca,realbk2h.pdf,259,259
Memories Of You,realbk2h.pdf,260,260
Menina Flor,realbk2h.pdf,261,261
Mercy Mercy Mercy,realbk2h.pdf,262,262
Minor Mishap,realbk2h.pdf,263,263
Mile Ahead,realbk2h.pdf,264,265
Minor Mood,realbk2h.pdf,266,266
Mr. Broadway Theme From,realbk2h.pdf,267,267
Mr. Magic,realbk2h.pdf,268,268
Monk's Mood,realbk2h.pdf,269,269
Moanin',realbk2h.pdf,270,271
Moak's Shop,realbk2h.pdf,272,272
Moon Rays,realbk2h.pdf,273,273
Moon River,realbk2h.pdf,274,274
Moon Glow,realbk2h.pdf,275,275
Moose The Mooche,realbk2h.pdf,276,276
More Than You Know,realbk2h.pdf,277,277
Morning Dance,realbk2h.pdf,278,278
Moten Swing,realbk2h.pdf,279,279
Move,realbk2h.pdf,280,280
My Attorney Bernie,realbk2h.pdf,281,281
My Little Suede Shoes,realbk2h.pdf,282,282
My old Flame,realbk2h.pdf,283,283
Nature Boy,realbk2h.pdf,284,284
Nearness Of You,realbk2h.pdf,285,285
Night Song,realbk2h.pdf,286,286
No Moe,realbk2h.pdf,287,287
No Splice,realbk2h.pdf,288,289
North Atlantic Run,realbk2h.pdf,290,291
Now See How You Are,realbk2h.pdf,292,292
Now's The Time,realbk2h.pdf,293,293
Nutville,realbk2h.pdf,294,294
Off Minor,realbk2h.pdf,295,295
Oh What A Beautiful Mornin',realbk2h.pdf,296,296
Old Devil Moon,realbk2h.pdf,297,297
On The Sunny Side Of The Street,realbk2h.pdf,298,298
One By One,realbk2h.pdf,299,299
One Foot In The Gutter,realbk2h.pdf,300,300
Our Language Of Love,realbk2h.pdf,301,301
One Morning In May,realbk2h.pdf,302,303
Out Back Of The Barn,realbk2h.pdf,304,304
Oye Como Ya,realbk2h.pdf,305,305
Pannonic,realbk2h.pdf,306,306
Parisian Thoroughfare,realbk2h.pdf,307,307
Peel Me A Grape,realbk2h.pdf,308,308
Pennies From Heaven,realbk2h.pdf,309,309
People Will Say We're In Love,realbk2h.pdf,310,310
Perdido,realbk2h.pdf,311,311
Petite Fleure,realbk2h.pdf,312,312
Petits Machins,realbk2h.pdf,313,313
Phase Dance,realbk2h.pdf,314,315
Picadillo (A La Puente),realbk2h.pdf,316,316
Pick Yourself Up,realbk2h.pdf,317,317
Polka Dots And Moonbeams,realbk2h.pdf,318,318
Portrait Of Jennie,realbk2h.pdf,319,319
Prisoner Of Love,realbk2h.pdf,320,320
Pursuance,realbk2h.pdf,321,321
Question And Answer,realbk2h.pdf,322,323
Quicksilver,realbk2h.pdf,324,324
Ran Kan Kan,realbk2h.pdf,325,325
Red Cross,realbk2h.pdf,326,326
Red One (The),realbk2h.pdf,327,327
Rhythm-A-Ning,realbk2h.pdf,328,328
Right As Rain,realbk2h.pdf,329,329
Robbin's Nest,realbk2h.pdf,330,330
Rockin' In Rhythm,realbk2h.pdf,331,331
Rosetta,realbk2h.pdf,332,332
Round Trip,realbk2h.pdf,333,333
Route 66,realbk2h.pdf,334,334
Rubberneck,realbk2h.pdf,335,335
Russian Lullaby,realbk2h.pdf,336,336
Sack Of Woe,realbk2h.pdf,337,337
Saint James Infirmary,realbk2h.pdf,338,338
Saint Thomas,realbk2h.pdf,339,339
Salt Peanuts,realbk2h.pdf,340,340
Sandu,realbk2h.pdf,341,341
Say It,realbk2h.pdf,342,342
Sentimental Journey,realbk2h.pdf,343,343
September Song,realbk2h.pdf,344,344
Serenade To A Soul Sister,realbk2h.pdf,345,345
Serene,realbk2h.pdf,346,346
Shine,realbk2h.pdf,347,347
Shutterbug,realbk2h.pdf,348,348
Silver's Serenade,realbk2h.pdf,349,349
Simone,realbk2h.pdf,350,350
Sippin' At Bell's,realbk2h.pdf,351,351
Skyliner,realbk2h.pdf,352,352
Slipped Disc,realbk2h.pdf,353,353
Smoke Gets In Your Eyes,realbk2h.pdf,354,354
Softly As A Morning Sunrise,realbk2h.pdf,355,355
Smoke Rings,realbk2h.pdf,356,357
Some Other Blues,realbk2h.pdf,358,358
Song For Bilbad,realbk2h.pdf,359,359
Song-Bird,realbk2h.pdf,360,360
Soul Eyes,realbk2h.pdf,361,361
Soultrane,realbk2h.pdf,362,362
Speak Like A Child,realbk2h.pdf,363,363
Speak Low,realbk2h.pdf,364,364
Spiral,realbk2h.pdf,365,365
St. Louis Blues,realbk2h.pdf,366,366
Stardust,realbk2h.pdf,367,367
Straight Life,realbk2h.pdf,368,368
Strayhorn 2,realbk2h.pdf,369,369
Strode Rode,realbk2h.pdf,370,370
Strollin,realbk2h.pdf,371,371
Struttin' With Some Bar-B-Q,realbk2h.pdf,372,372
SubConscious Lee,realbk2h.pdf,373,373
Suddenly It's Spring,realbk2h.pdf,374,374
Summer In Central Park,realbk2h.pdf,375,375
S'posin',realbk2h.pdf,376,376
Sweet Sue-Just You,realbk2h.pdf,377,377
Sweetest Sounds(The),realbk2h.pdf,378,378
Swingin' Shepherd Blues,realbk2h.pdf,379,379
Syeeda's Song Flute,realbk2h.pdf,380,381
Tain't What You Do,realbk2h.pdf,382,382
Take The Coltrane,realbk2h.pdf,383,383
Tanga,realbk2h.pdf,384,385
Tangerine,realbk2h.pdf,386,386
Teenie' Blues,realbk2h.pdf,387,387
Tempus Fugit,realbk2h.pdf,388,388
Tenderly,realbk2h.pdf,389,389
Tenor Madness,realbk2h.pdf,390,390
There's A Small Hotel,realbk2h.pdf,391,391
These Foolish Things (ReMind Me Of You),realbk2h.pdf,392,392
Things To Come,realbk2h.pdf,393,393
Things We Did Last Summer (The),realbk2h.pdf,394,394
This I Dig Of You,realbk2h.pdf,395,395
This Masquerade,realbk2h.pdf,396,396
Three Base Hit,realbk2h.pdf,397,397
Thumper (The),realbk2h.pdf,398,398
This Year's Kisses,realbk2h.pdf,399,399
Till There was You,realbk2h.pdf,400,400
Tippin',realbk2h.pdf,401,401
Tomorrow's Destiny,realbk2h.pdf,402,402
Too Young,realbk2h.pdf,403,403
Trane's Blues,realbk2h.pdf,404,404
Turn Around,realbk2h.pdf,405,405
Twisted,realbk2h.pdf,406,406
Two Cigarettes In The Dark,realbk2h.pdf,407,407
Two Degrees East Three Degrees West,realbk2h.pdf,408,408
Until I Met You,realbk2h.pdf,409,409
Walkin' Shoes,realbk2h.pdf,410,410
Walkin' Thing (A),realbk2h.pdf,411,411
Warm Valley,realbk2h.pdf,412,412
Watch What Happens,realbk2h.pdf,413,413
Water Colors,realbk2h.pdf,414,414
Way You Look Tonight(The),realbk2h.pdf,415,415
Weaver Of Dreams (A),realbk2h.pdf,416,416
Webb City,realbk2h.pdf,417,417
Wendy,realbk2h.pdf,418,418
What'll I Do?,realbk2h.pdf,419,419
What's New,realbk2h.pdf,420,420
When Lights Are Low,realbk2h.pdf,421,421
Whisper Not,realbk2h.pdf,422,422
Who Can I Turn To,realbk2h.pdf,423,423
Whopper (The),realbk2h.pdf,424,424
Why Do I Love You?,realbk2h.pdf,425,425
Willow Weep For Me,realbk2h.pdf,426,426
With A Song In My Heart,realbk2h.pdf,427,427
Without A Song,realbk2h.pdf,428,428
Work Song,realbk2h.pdf,429,429
Wonderful Day Like Today (A),realbk2h.pdf,430,431
Wow,realbk2h.pdf,432,432
Yardbird Suite,realbk2h.pdf,433,433
You Are Beautiful,realbk2h.pdf,434,434
You Can Depend On Me,realbk2h.pdf,435,435
You'd Be So Nice To Come Home To,realbk2h.pdf,436,436
You're My Everything,realbk2h.pdf,437,437
You're Nobody 'Til Somebody Loves You,realbk2h.pdf,438,438
